accelX_mps2_mean,accelX_mps2_std,accelX_mps2_min,accelX_mps2_max,accelY_mps2_mean,accelY_mps2_std,accelY_mps2_min,accelY_mps2_max,accelZ_mps2_mean,accelZ_mps2_std,accelZ_mps2_min,accelZ_mps2_max,gyroX_dps_mean,gyroX_dps_std,gyroX_dps_min,gyroX_dps_max,gyroY_dps_mean,gyroY_dps_std,gyroY_dps_min,gyroY_dps_max,gyroZ_dps_mean,gyroZ_dps_std,gyroZ_dps_min,gyroZ_dps_max,accel_SMA,gyro_SMA,label
0.91006,9.008391866295266,-17.851,19.543,3.10684,8.395302961216602,-17.851,19.389,4.27768,10.061424898966896,-16.158,19.235,16.442880000000002,113.66674412179937,-205.887,245.094,-1.1173799999999978,120.16800475030357,-233.337,245.094,3.4865200000000027,127.03545134865595,-233.337,245.094,14.115785188887294,168.32179900538475,2
1.8862400000000001,9.398241660468804,-17.697,19.081,1.8862400000000001,9.398241660468804,-17.697,19.081,1.0891600000000006,11.113688556047283,-19.236,18.773,13.87868,141.61134714139834,-245.102,239.212,-22.35716,146.91650404384006,-245.102,245.094,-22.35716,146.91650404384006,-245.102,245.094,15.255167651771279,234.53432317341637,2
-0.38487999999999983,5.5567529486423,-17.697,17.388,0.8482000000000001,6.398728110224049,-17.697,17.388,4.21914,9.025582084253172,-19.389,19.501,-6.520120000000002,84.33728639404896,-247.063,211.761,6.801919999999999,103.24711318093863,-237.259,237.251,23.4774,138.97610044852155,-237.259,243.134,10.957353177459101,160.78686953222137,2
0.09675999999999997,2.0261663364238247,-4.135,4.74,2.7954200000000005,6.1665913419962965,-12.311,18.619,8.34388,5.977826267404006,-12.311,18.927,11.30436,63.70840962646188,-158.829,241.173,14.082959999999998,72.50364786177089,-158.829,241.173,8.0235,121.76206756994628,-225.494,241.173,11.002349772449575,121.05738494555654,2
0.73222,3.4140716567088716,-8.156,13.234,-0.6206199999999998,7.049384975026009,-15.389,18.773,0.7450800000000001,7.560559049192496,-15.389,18.773,22.234839999999995,98.6224225426346,-223.534,245.094,12.877519999999995,107.66577455259306,-241.18,245.094,5.053140000000001,130.78516667561254,-241.18,237.251,8.8052337434691,164.62678420940213,2
-0.60924,3.4687556467907705,-17.851,3.847,3.0691599999999992,5.322224958087529,-17.851,11.328,9.63468,6.156739782762714,-17.851,19.506,4.892460000000001,47.59031263548565,-60.219,221.565,10.642120000000002,49.30006662604266,-64.27,221.565,-6.6703600000000005,132.97151899726188,-247.063,219.604,12.186279142309154,130.10001088981448,2
-1.1982000000000002,2.297264726689068,-5.056,2.77,0.030280000000000022,6.173096996827839,-18.774,13.849,4.87984,8.245931640932925,-18.774,19.618,6.759919999999999,63.01345974224354,-207.848,249.016,3.1434400000000005,93.49649194906749,-207.848,249.016,7.9153800000000025,85.70168482874364,-200.005,247.055,9.656940814634337,109.97477060177862,2
0.24453999999999992,3.6966450879859445,-6.532,18.773,1.4326599999999998,8.487791195112939,-14.927,19.081,4.74898,9.563098975750487,-14.927,19.588,11.050600000000005,114.90047270484102,-203.926,247.055,15.578120000000002,122.2737264073371,-207.848,247.055,-10.92744,124.59353740163021,-239.22,221.565,12.33835476884277,176.89250149247408,2
-1.37762,3.160379561872599,-7.992,3.847,-0.4312599999999999,5.532920558856077,-8.772,18.773,-0.4312599999999999,5.532920558856077,-8.772,18.773,-9.827880000000002,60.65993235717579,-237.259,137.253,-7.6215,66.26956506764702,-237.259,137.253,4.322999999999999,69.58998161886727,-188.24,239.212,6.575220429652833,84.265968564422,2
0.22645999999999994,5.296045240766444,-12.465,19.543,2.0838,6.2196295053381965,-12.465,18.619,4.93574,9.463446791519376,-19.236,19.512,-6.220899999999999,66.20489328707555,-245.102,207.84,-3.46156,52.89621639652269,-158.829,178.429,-3.983260000000001,72.51396478084165,-162.75,178.429,11.216203142155123,80.52379784596768,2
-0.2566000000000001,5.417144085292205,-19.082,18.773,-1.23478,6.511059772323973,-19.236,9.957,-0.3986,10.173619212332994,-19.236,19.475,9.45024,80.12349688960644,-188.24,249.016,-12.683580000000005,85.58984202652861,-192.162,249.016,-15.773380000000001,82.77289443593011,-247.063,162.743,10.295218753807545,102.15460614056127,2
0.4310400000000001,6.54144236718977,-16.774,19.235,1.43,4.549004062339764,-5.384,19.235,0.59094,8.636397152275753,-18.158,19.235,0.9278000000000004,62.02639423434419,-203.926,245.094,1.176920000000001,59.25546823809528,-203.926,245.094,13.531780000000001,49.04555515748307,-39.223,245.094,8.91998166197612,66.87661572313502,2
0.0407,7.481363649163194,-19.236,19.543,0.2720800000000001,6.522703842889144,-19.236,19.543,1.52764,8.016471906452288,-17.081,19.543,7.239240000000001,88.40626180116153,-241.18,213.722,1.2599600000000009,87.38838948051604,-241.18,213.722,3.2334400000000003,85.47369236064178,-241.18,213.722,8.984995936426655,104.75220303814669,2
-2.25702,7.86147813512062,-19.543,18.619,-0.32182,6.183191170307726,-17.851,13.47,-0.20958000000000004,6.235371514355886,-17.851,13.388,-3.1834200000000004,90.63757215800491,-247.063,215.683,-3.1805600000000003,90.5446395905244,-247.063,215.683,-3.0237,90.60554431255004,-247.063,215.683,9.136059400065623,109.54497020289612,2
0.02031999999999994,5.139110974652709,-19.543,14.772,-0.1721999999999999,3.5001146570140955,-15.85,8.468,2.6256800000000005,6.661627169736492,-15.85,19.473,25.603859999999994,79.03557191569645,-188.24,249.016,28.290739999999996,79.44736981706436,-80.399,249.016,18.0762,69.01568023341966,-80.399,249.016,7.076272060489879,97.27580581119888,2
0.8914600000000001,6.711518314822965,-15.542,17.388,1.4721600000000001,4.71555602954255,-6.955,17.388,1.8050000000000004,6.5143682795519515,-17.081,18.773,23.555820000000004,76.70173550325858,-200.005,207.84,1.965820000000001,79.01654404595874,-200.005,207.84,-3.06618,61.7932753552537,-186.279,205.879,7.8837263300283205,98.32402848574799,2
-0.9230599999999997,8.08890681146036,-19.236,17.696,0.4713200000000001,6.71595473310704,-19.236,17.696,0.22697999999999985,8.344049062337415,-19.236,17.696,-2.1241399999999984,76.98525838213232,-235.298,233.33,-3.2604199999999985,79.05670343909323,-235.298,233.33,-2.670239999999998,75.64952771709005,-235.298,233.33,9.070681736656583,90.59022969727677,2
0.8931199999999998,5.926477415525574,-18.62,18.004,0.17873999999999995,4.453626799105902,-11.08,18.004,1.57472,7.569975445569861,-16.466,19.492,10.0443,76.82324810895595,-209.808,215.683,3.9102800000000006,69.66287973476554,-141.182,215.683,-4.01532,74.64017470653482,-188.24,215.683,7.5623456183568045,94.58514236048529,2
-0.10296000000000002,4.936198413139159,-15.081,14.157,-0.15885999999999995,5.239078303461013,-15.081,14.157,1.6572599999999997,8.658285940116341,-15.389,19.003,21.457060000000002,81.32070986555112,-200.005,205.879,18.24628,82.23581626255667,-200.005,205.879,8.6861,67.47536241859252,-225.494,231.369,9.1022734014759,101.80547202139795,2
1.2767600000000001,6.65597320675043,-17.235,19.235,0.5235200000000002,7.214020618156264,-17.235,19.235,0.8181800000000001,6.592148040150897,-16.774,18.158,0.047140000000001334,95.2200613177042,-213.73,243.134,8.80664,101.40034348143732,-207.848,249.016,-4.364620000000001,97.65158242046056,-207.848,249.016,8.581533068303244,122.42072522649708,2
0.28172000000000014,4.249519012590407,-5.388,18.004,3.6159999999999997,5.423791719106191,-5.83,19.543,7.62206,7.947304555017636,-14.619,19.543,18.359240000000003,79.92788637560633,-186.279,168.625,13.919179999999999,75.16083502802371,-160.789,168.625,-13.820460000000002,100.77693786981591,-249.023,227.448,10.738830674294682,122.45769225920087,2
0.4188400000000001,5.043989631477149,-14.311,15.388,0.78218,6.449582285762104,-15.235,15.388,3.069840000000001,8.517165832048374,-16.927,19.616,-7.475459999999998,88.02656728770896,-215.691,245.094,-0.909559999999999,83.31504055021567,-209.808,215.683,2.5039599999999997,95.83930003235751,-223.534,215.683,9.73940741809202,123.21040918791003,2
0.83434,4.937622238672855,-9.233,18.004,1.9927000000000004,5.539578560003368,-12.003,18.004,4.30514,7.208893523776229,-12.003,19.51,24.600380000000005,79.85100149548686,-213.73,225.487,10.11292,74.05452955812427,-235.298,225.487,9.499999999999998,86.78275225891753,-235.298,249.016,8.433353817301644,98.99362414690002,2
-1.75616,3.09306594056012,-15.542,4.309,0.044459999999999826,7.295722513100623,-19.236,14.157,3.08076,9.07557575968577,-19.236,19.498,-5.367879999999999,80.33605072663612,-245.102,209.801,-5.9891000000000005,107.47731153383403,-245.102,209.801,-6.866260000000003,120.38337038010638,-243.141,235.291,9.914511053897101,150.415574039576,2
-2.9956600000000004,2.2711333016530646,-8.448,2.755,0.1259200000000001,6.0473102499190095,-8.605,12.252,10.27284,6.046302987000589,-2.327,19.514,-5.15654,45.650816403818034,-90.828,90.294,0.8757999999999997,28.32256586006923,-60.448,68.016,0.741059999999999,27.295432247314846,-58.83,66.666,12.858563634695608,52.890347033739516,2
-3.11396,1.5939522047478112,-7.046,-0.003,-0.027879999999999894,6.124737224317365,-10.584,11.495,10.296800000000001,3.9754713698182886,3.054,19.352,6.13322,44.675318827495424,-75.615,96.191,5.881360000000001,38.33882448335779,-58.487,97.404,5.839880000000001,37.471599244554405,-56.87,96.077,12.381109115630807,59.831025129487664,2
-1.98364,2.706433210869605,-6.736,3.385,-0.54664,7.804139097391113,-19.543,14.311,7.627779999999999,8.793385541254453,-19.543,19.481,-1.1775399999999994,80.92072724869415,-219.612,225.487,2.5466800000000007,81.35677981267048,-245.102,221.565,3.543680000000001,83.11511633613334,-245.102,221.565,13.430951362157122,105.85918314354404,2
-1.02418,2.2630487715577363,-5.674,4.001,0.07144000000000013,6.51837469462993,-11.695,18.312,8.29972,7.415292887936225,-11.695,19.612,-4.200499999999999,75.67968408330587,-239.22,225.487,-7.70186,80.08709993144328,-188.24,241.173,3.2709000000000015,88.68506838273859,-229.416,190.193,11.847633713377967,110.70442563642065,2
-0.5757999999999999,4.608652452569127,-13.696,18.773,0.39674,8.416286547970607,-16.927,18.773,4.303860000000001,9.103731497802515,-16.927,19.618,24.31764,120.8941667137781,-243.141,249.016,16.188380000000006,126.4004071840009,-243.141,241.173,6.261840000000001,119.4464889444539,-241.18,247.055,11.658680531523197,180.12668464301453,2
-0.09262000000000001,1.5380611820053964,-4.309,2.77,-0.24342,1.6907541861427355,-5.54,2.77,1.8618000000000003,10.412778991533942,-19.543,19.389,29.40854,134.6349171888836,-249.023,247.055,29.5653,149.6959693707447,-229.416,247.055,24.231900000000007,147.7385843368175,-229.416,247.055,9.000640657856854,231.7848750179615,2
-0.58876,1.606699387196101,-5.215,2.0,0.38984,3.3297092497939316,-6.757,10.418,1.0102600000000002,8.972946336150049,-18.774,18.466,-13.078879999999996,94.52067851515295,-239.22,235.291,1.6406399999999985,124.9898513492865,-249.023,243.134,7.290220000000004,124.37341841444042,-235.298,245.094,7.43659807753193,174.53475195957915,2
-2.5143,2.19896354295957,-7.211,3.379,2.0929599999999997,4.959845993988284,-6.147,11.795,10.29894,4.601658478356317,1.203,19.504,-2.7721000000000005,43.241287413696156,-87.006,80.505,2.8777599999999994,31.87675956091663,-58.51,64.369,2.7414200000000006,30.59282334082386,-56.87,62.744,12.04669174381029,56.45598366815283,2
-2.3822200000000002,1.6046312474859024,-7.367,0.461,0.7751799999999999,4.664760582652596,-6.452,11.171,9.78494,4.534145282774486,3.203,19.51,0.48354000000000014,37.90430965600571,-69.778,55.054,0.6640800000000001,26.964569535565875,-48.622,70.068,0.8190800000000001,25.940135863285576,-47.066,68.626,11.116079141306734,46.67908009594979,2
-2.4104200000000002,1.2946125271718192,-4.9,1.229,2.1792,4.1570238372751085,-6.302,9.647,10.667139999999996,3.5629860270536553,2.89,15.644,2.7550200000000005,44.542394961173144,-71.632,90.401,-2.6085400000000005,36.75555726423543,-74.005,79.948,-2.4358999999999993,35.53942733293632,-72.556,78.43,12.032167339354826,57.767311541373395,2
-3.5288,2.4472096479918695,-8.741,2.453,0.4672399999999999,4.6800927060415,-6.456,8.867,9.89408,4.963839342069559,1.06,19.5,-2.9880999999999993,46.96009220050139,-85.526,86.411,3.9707600000000007,43.6859989155261,-84.32,84.312,3.7616000000000014,43.50167535643112,-84.32,84.312,11.817300515027362,65.78495969567173,2
-3.62992,1.4347108197565566,-8.272,0.779,2.53946,3.1279758742349526,-4.764,10.704,9.065260000000002,2.8855399509574338,2.93,19.037,5.80112,26.317760024743748,-51.788,64.865,5.997579999999999,25.710081717529427,-50.987,64.705,5.997579999999999,25.710081717529427,-50.987,64.705,10.587019125768675,37.432498752145605,2
-1.5082199999999997,3.9235914945262036,-10.582,3.847,3.89456,6.995377792193228,-17.543,16.927,5.03296,7.309035182873988,-17.543,16.927,-3.7067000000000014,91.70872206005139,-233.337,245.094,-2.0797000000000008,89.83030253335839,-235.298,221.565,-14.2783,112.12696292391415,-235.298,221.565,11.209172881369536,122.60583867765982,1
0.015199999999999965,4.486871192940669,-16.312,9.848,-0.8773600000000001,7.024647687468834,-17.697,18.312,0.63402,7.71833776249254,-17.697,18.312,24.904000000000007,119.34036589075288,-203.926,247.055,32.92436,127.63757070478417,-213.73,247.055,4.808499999999998,152.00590960776384,-249.023,233.33,8.869458143462118,214.4913266636322,1
-0.09573999999999998,3.7811818086143276,-9.541,9.541,-0.09573999999999998,3.7811818086143276,-9.541,9.541,-0.09573999999999998,3.7811818086143276,-9.541,9.541,-9.886139999999997,151.13176063209053,-247.063,239.212,-9.886139999999997,151.13176063209053,-247.063,239.212,-2.670699999999999,129.74753606173738,-239.22,241.173,4.878182535453138,231.80899916746964,1
0.17198000000000008,5.074855013471331,-10.003,12.003,0.17198000000000008,5.074855013471331,-10.003,12.003,0.17198000000000008,5.074855013471331,-10.003,12.003,10.663000000000002,150.48616128510463,-243.141,239.212,10.663000000000002,150.48616128510463,-243.141,239.212,-7.572339999999997,134.36107045183763,-235.298,221.565,7.218252458510993,232.98715862276654,1
0.28286,6.499445037564864,-15.85,12.31,0.28286,6.499445037564864,-15.85,12.31,0.28286,6.499445037564864,-15.85,12.31,-5.572380000000004,149.84576043887836,-239.22,239.212,-5.572380000000004,149.84576043887836,-239.22,239.212,-3.7293599999999985,151.30945279597958,-249.023,245.094,8.742526451203908,240.18351222997174,1
-0.031099999999999958,4.986156276970002,-10.772,14.311,-0.031099999999999958,4.986156276970002,-10.772,14.311,-0.031099999999999958,4.986156276970002,-10.772,14.311,2.9769999999999994,136.13074613827422,-229.416,237.251,2.9769999999999994,136.13074613827422,-229.416,237.251,3.01542,137.3888460132802,-223.534,241.173,6.972994064159241,220.11642449253296,1
-0.22184000000000004,3.9109382994418125,-8.464,7.232,-0.22184000000000004,3.9109382994418125,-8.464,7.232,-0.22184000000000004,3.9109382994418125,-8.464,7.232,-2.160619999999997,150.8898748526777,-239.22,239.212,-2.160619999999997,150.8898748526777,-239.22,239.212,6.074400000000005,135.63509380296375,-245.102,249.016,5.618911383818044,233.8162845623288,1
-0.20349999999999993,4.098269919946061,-12.619,6.309,-0.20349999999999993,4.098269919946061,-12.619,6.309,-0.20349999999999993,4.098269919946061,-12.619,6.309,29.094319999999996,145.57914131431698,-249.023,249.016,29.094319999999996,145.57914131431698,-249.023,249.016,-25.179920000000003,128.89745899077755,-243.141,198.036,5.373687630482441,225.73449202662647,1
0.35359999999999997,4.320812456669959,-11.388,8.002,0.35359999999999997,4.320812456669959,-11.388,8.002,0.35359999999999997,4.320812456669959,-11.388,8.002,18.152960000000004,135.9735379149208,-249.023,243.134,18.152960000000004,135.9735379149208,-249.023,243.134,24.38896,124.3256030733388,-247.063,217.644,6.4238993171437535,207.00810684361244,1
-0.12957999999999997,3.7547284914477896,-8.31,9.694,-0.12957999999999997,3.7547284914477896,-8.31,9.694,-0.12957999999999997,3.7547284914477896,-8.31,9.694,-20.866619999999998,138.81475542429095,-247.063,207.84,-20.866619999999998,138.81475542429095,-247.063,207.84,1.8005799999999994,147.65214854115737,-247.063,247.055,5.3630181975078175,231.58567942342515,1
-0.2127199999999999,3.2759236992435135,-7.079,8.002,-0.2127199999999999,3.2759236992435135,-7.079,8.002,-0.2127199999999999,3.2759236992435135,-7.079,8.002,4.349460000000004,125.83376234268248,-225.494,241.173,4.349460000000004,125.83376234268248,-225.494,241.173,-5.573039999999996,153.62515403993672,-249.023,229.408,4.451716985613529,215.15494884270424,1
-0.02611999999999995,2.1990348962901978,-5.386,9.079,-1.4001999999999994,7.07871353180125,-17.543,18.466,3.04216,8.471360489632472,-17.543,18.466,24.55192,103.50716889297267,-241.18,241.173,-3.5993199999999996,118.60461149678655,-243.141,249.016,-2.826520000000001,137.63167436331875,-243.141,249.016,9.492543327295465,174.64057199258227,1
-0.8976000000000001,1.3560054933366545,-3.975,2.458,-3.4342799999999998,1.012857304855921,-6.288,-0.774,9.34242,1.1018716375850166,7.34,12.252,0.10648000000000046,15.645543806125364,-46.486,35.629,14.451780000000001,47.506514366738614,-68.42,175.812,-47.49448,122.79588037333687,-249.023,233.33,10.143350498346278,121.17796115069905,1
-0.22104,1.5408352619569023,-4.103,3.219,-3.69824,1.2617655036188178,-5.975,0.774,9.10238,1.2594206295121644,6.889,13.32,0.7197999999999999,14.3860792406537,-26.917,41.351,-6.522320000000001,49.237886359599315,-107.292,138.779,-36.24002,133.88288560887375,-233.337,239.212,10.037377624129412,131.6188924262034,1
0.12622000000000008,3.5532876199086276,-18.774,14.157,-1.0793599999999999,8.002468442541812,-19.389,17.388,0.33088000000000006,8.085500584354184,-19.389,17.388,-3.407580000000001,85.08544610484695,-149.025,229.408,-5.524280000000001,83.06799935755609,-149.025,229.408,-8.00488,122.79155215318923,-219.612,245.094,8.175512342829819,142.03976032994774,1
0.04300000000000001,0.6181892583858712,-1.232,1.847,-1.7514200000000002,8.598880185969163,-18.005,15.696,-1.7514200000000002,8.598880185969163,-18.005,15.696,17.41088,115.56658333170925,-223.534,249.016,21.353379999999998,116.17657563537865,-223.534,249.016,16.388040000000004,156.08900465517507,-235.298,245.094,9.178716302583496,205.1313583668591,1
0.006020000000000014,0.8198253544729723,-2.001,3.078,-0.5019999999999996,9.152092005745608,-17.235,19.235,-0.5019999999999996,9.152092005745608,-17.235,19.235,-23.1002,113.72306343024347,-229.416,245.094,-24.742939999999997,117.38304100233351,-229.416,245.094,7.603859999999998,127.96730937650301,-237.259,249.016,9.230865066237822,180.22414498570612,1
-0.07411999999999999,1.0101605174527502,-2.617,1.539,-1.07436,10.055813888979644,-19.389,19.081,-1.07436,10.055813888979644,-19.389,19.081,7.280299999999996,113.41759758273307,-233.337,243.134,11.001259999999997,117.48107038727211,-233.337,243.134,6.427780000000001,142.8764168612647,-245.102,245.094,10.666153103310894,194.36525868442845,1
0.06124000000000003,0.9050341195507606,-2.001,2.462,0.8890800000000002,9.438363097097561,-17.389,19.389,0.8890800000000002,9.438363097097561,-17.389,19.389,-1.2240599999999977,112.32937774776644,-227.455,239.212,-3.3294799999999993,115.38252788703164,-227.455,239.212,-7.533420000000003,153.87941039606437,-249.023,223.526,10.001000497740147,197.65929897345268,1
-0.03716,0.9637794302661173,-2.309,1.847,-0.2865000000000002,9.077910107980328,-19.543,16.927,-0.2865000000000002,9.077910107980328,-19.543,16.927,36.26519999999999,109.61619402781169,-205.887,245.094,38.14623999999999,112.0233299263058,-205.887,245.094,12.898420000000002,144.48797954170615,-225.494,243.134,9.716528887615322,197.82516134139428,1
-0.04027999999999999,0.7384289180000845,-1.539,1.693,1.7909599999999997,9.087456084075454,-14.619,19.235,1.7909599999999997,9.087456084075454,-14.619,19.235,15.717800000000004,121.26490602943016,-247.063,249.016,18.260980000000004,124.11673565401144,-247.063,249.016,1.2117200000000008,142.24838655403485,-237.259,235.291,9.336353502262694,200.4880651728152,1
0.14439999999999997,0.8569264965025666,-2.309,3.078,-1.0867199999999997,8.122951524601167,-19.389,18.466,-1.0867199999999997,8.122951524601167,-19.389,18.466,-12.398700000000002,122.20515833149814,-249.023,243.134,-13.4515,124.93822717863742,-249.023,243.134,-18.906239999999997,150.93265566450896,-241.18,241.173,7.761574682503964,209.12632802438128,1
0.07673999999999999,1.0669317215114316,-2.309,1.847,-2.5578000000000003,8.670489163047874,-18.928,18.773,-2.5578000000000003,8.670489163047874,-18.928,18.773,-28.27478,102.65586061349615,-241.18,243.134,-28.98172,105.82836721479063,-241.18,243.134,-2.866520000000002,138.83352527371824,-239.22,233.33,9.159760593902984,186.39175723828492,1
-0.34188,0.9726211721373311,-2.463,1.231,-2.00076,9.093100527681997,-17.235,18.773,-2.00076,9.093100527681997,-17.235,18.773,-1.9833999999999972,125.49616973925734,-235.298,239.212,1.9018399999999993,128.5717099462572,-235.298,239.212,-0.788180000000001,133.04992909011753,-249.023,249.016,9.600242110807407,200.39071234232335,1
0.34767999999999993,1.5152139801738518,-2.77,5.386,0.39684000000000014,9.224693290316388,-19.543,17.388,0.39684000000000014,9.224693290316388,-19.543,17.388,-21.096499999999995,128.60002215733616,-249.023,247.055,-23.718580000000003,134.76283421824536,-249.023,247.055,-5.925759999999996,155.58942021630952,-239.22,243.134,9.79713083281036,223.96768761309738,1
-0.06178000000000003,1.6161472362961722,-3.232,3.231,0.6429600000000001,10.388812114059263,-18.928,18.773,0.6429600000000001,10.388812114059263,-18.928,18.773,-18.725939999999994,123.71540443331367,-233.337,241.173,-12.6163,128.96015710940986,-233.337,241.173,9.21184,164.96406342129086,-239.22,243.134,11.34665417377462,227.7261449228186,1
-0.05854000000000001,0.9578321443419477,-2.77,1.231,1.3293400000000002,9.090118605925664,-15.081,18.773,1.3293400000000002,9.090118605925664,-15.081,18.773,1.29352,123.93515949969111,-229.416,243.134,-0.8186199999999999,127.17805627687056,-229.416,243.134,-0.6312599999999992,144.81583288126436,-243.141,241.173,9.730985750220727,208.31651807002407,1
-0.0031600000000000118,1.0292243832228267,-3.54,1.385,-0.6433999999999997,10.373491030663946,-19.543,18.312,-0.6433999999999997,10.373491030663946,-19.543,18.312,-30.24192,98.56585292239905,-247.063,164.703,-30.082740000000005,106.33743929946665,-247.063,164.703,-24.67084,154.76583437045153,-249.023,241.173,11.373780324641148,194.8221732281497,1
-0.00942000000000001,0.5076223926004327,-1.078,1.539,0.03054000000000017,9.776861614494683,-19.543,18.312,0.03054000000000017,9.776861614494683,-19.543,18.312,23.048419999999997,120.65541902190142,-227.455,223.526,25.2428,123.06951078880552,-227.455,223.526,-3.454900000000001,136.72935460188108,-233.337,245.094,10.290934516845475,202.1005446906272,1
0.0614,0.8668664421763186,-2.463,2.154,-0.86202,9.327223760649494,-19.236,18.466,-0.86202,9.327223760649494,-19.236,18.466,-1.8576200000000005,132.95024093275327,-247.063,247.055,-0.01085999999999956,136.42320196584103,-247.063,247.055,-0.5528599999999984,139.42775852778396,-237.259,245.094,9.74710363564854,212.62527773425634,1
-0.15104000000000004,1.3565759110528903,-3.078,2.77,1.19078,8.030755113020575,-17.543,18.773,1.19078,8.030755113020575,-17.543,18.773,-22.3237,130.24060758116974,-247.063,203.918,-22.20098,134.95234231258328,-247.063,203.918,24.819660000000002,150.17116934917425,-231.377,245.094,8.294503740580087,227.78120307063745,1
0.08584000000000003,1.7081451494028754,-2.924,6.001,-0.6712400000000001,9.79965570940414,-19.236,19.543,-0.6712400000000001,9.79965570940414,-19.236,19.543,-19.29714,130.6184113129492,-249.023,247.055,-17.57958,135.47350202298242,-249.023,247.055,27.40842,148.30829335323972,-243.141,247.055,10.09843508042518,219.75525422920953,1
-0.11413999999999999,1.1390391584532096,-2.617,3.385,2.05862,8.56668224753341,-17.235,19.081,2.05862,8.56668224753341,-17.235,19.081,2.7714199999999987,131.95328767657415,-239.22,245.094,5.084980000000001,136.203647509445,-239.22,245.094,29.604179999999996,148.3061397711642,-245.102,243.134,8.483622601098203,224.3046440351596,1
-0.05248000000000002,1.112333660850567,-2.617,2.154,-1.3944,9.163328944599707,-19.389,19.235,-1.3944,9.163328944599707,-19.389,19.235,12.856299999999997,95.12738441008499,-213.73,209.801,13.991940000000005,101.63807694901693,-213.73,209.801,-25.45472,161.54053930029517,-247.063,245.094,8.977405157400828,198.502688857706,1
0.10762000000000001,0.6997273489418167,-1.386,2.308,-2.8471599999999997,9.148347167234357,-18.928,19.543,-2.8471599999999997,9.148347167234357,-18.928,19.543,-3.3321999999999967,122.2644269534066,-247.063,231.369,-6.34458,124.53627388199727,-247.063,231.369,-32.19969999999999,145.7084810460424,-247.063,249.016,9.819335711425786,205.56924960170306,1
-0.027879999999999964,1.0179264565873156,-2.77,2.924,-2.35154,8.610639814123655,-18.928,17.696,-2.35154,8.610639814123655,-18.928,17.696,9.642760000000003,118.1731992046748,-249.023,209.801,10.150900000000002,124.06744300124569,-249.023,209.801,1.4082799999999978,147.57529165169643,-231.377,239.212,8.610685398032437,203.40313842798835,1
-0.0217,1.161800120678322,-3.078,2.0,-0.9235199999999998,9.51330537471877,-19.543,19.543,-0.9235199999999998,9.51330537471877,-19.543,19.543,-37.45172,133.6170545971813,-249.023,237.251,-39.83712,138.67630165136217,-249.023,237.251,-10.944520000000002,146.09357001764175,-249.023,213.722,9.683617597856696,219.9387846015859,1
-0.13271999999999998,1.102438966610869,-2.77,2.154,-1.6776800000000003,8.532440190812702,-19.543,19.543,-1.6776800000000003,8.532440190812702,-19.543,19.543,9.595959999999996,125.66012878151177,-237.259,243.134,9.525779999999996,128.49093149598426,-237.259,243.134,4.349480000000005,144.01594314664595,-235.298,215.683,8.70408277921117,212.36885733626602,1
0.1906,1.0977968103135909,-1.693,3.847,2.0956200000000003,8.77285416728263,-18.62,17.85,2.0956200000000003,8.77285416728263,-18.62,17.85,10.464860000000002,132.27416332661306,-233.337,237.251,9.489919999999998,134.56379307074138,-233.337,237.251,36.31028,120.92564404372378,-211.769,237.251,9.31541117593581,201.09964520346873,1
-0.36654000000000003,1.6542780682034008,-4.001,3.693,0.5629399999999997,9.955959047090689,-18.62,18.619,0.5629399999999997,9.955959047090689,-18.62,18.619,-2.563979999999999,123.25567810019288,-239.22,229.408,1.00136,126.46054417344274,-239.22,229.408,-31.92582,150.72461748753207,-247.063,243.134,10.46577471124461,208.98470833430616,1
0.29836,1.2286409575010022,-2.001,2.924,-0.4126599999999999,9.788575951983777,-19.236,18.158,-0.4126599999999999,9.788575951983777,-19.236,18.158,-5.523240000000002,118.74824508444367,-247.063,245.094,-8.149880000000003,121.78508622974041,-247.063,245.094,10.427460000000002,145.7297025339063,-245.102,249.016,10.45873602726168,203.17303929365286,1
-0.53888,1.5988484458049992,-4.463,4.001,0.7753,9.344173169108421,-19.082,18.619,0.7753,9.344173169108421,-19.082,18.619,0.36467999999999917,121.68047438311372,-237.259,241.173,5.270280000000002,125.14406995140294,-237.259,241.173,45.133500000000005,145.41215410943096,-239.22,249.016,10.05609922855077,211.90960294192755,1
0.3352399999999999,1.4582543878184755,-2.309,5.386,3.18822,10.28191758953354,-18.62,19.389,3.18822,10.28191758953354,-18.62,19.389,-10.618759999999998,127.03922324075621,-239.22,247.055,-14.498320000000003,132.30997872365748,-239.22,247.055,-13.06302,150.91400307398885,-239.22,243.134,11.696401822712566,216.57944618166997,1
-0.52356,1.4836972318901076,-4.001,2.154,-3.4473000000000003,9.42711333368399,-19.543,18.927,-3.4473000000000003,9.42711333368399,-19.543,18.927,5.033760000000001,121.28601330647305,-241.18,239.212,13.296880000000002,126.8531071386113,-241.18,239.212,2.3883600000000054,157.1647145272729,-243.141,245.094,10.475079293385601,211.46632270890328,1
0.07673999999999997,1.8640262086490664,-4.617,4.001,0.58764,9.421724407269117,-18.62,16.773,0.58764,9.421724407269117,-18.62,16.773,-19.136499999999998,115.5927716621624,-239.22,223.526,-20.781579999999995,124.92462639807074,-239.22,223.526,42.31006,141.66301804309393,-249.023,249.016,10.688328344865251,206.68449279255492,1
0.11668,1.9756336254581253,-4.617,3.231,-3.60112,9.306905927562061,-19.389,18.158,-3.60112,9.306905927562061,-19.389,18.158,-3.377640000000005,113.61803375071212,-231.377,243.134,-1.7358000000000002,120.41082305514038,-231.377,243.134,23.996640000000003,134.23851050272498,-211.769,247.055,11.110085666739872,192.62043895736429,1
-0.26146,1.6543666302687983,-3.694,3.231,-0.6279199999999998,7.460222171665683,-17.235,17.388,3.61464,8.714342776768676,-17.235,17.388,-23.366079999999997,105.69471690074279,-245.102,245.094,-25.524300000000004,109.6082016144461,-245.102,245.094,-13.454599999999997,127.80154762979762,-239.22,235.291,10.13652125206739,161.38151947796655,1
1.3233200000000003,1.257371528553246,-1.68,3.833,-4.16132,1.23937114468819,-6.884,-1.994,8.591980000000001,1.6364558953882689,5.647,11.637,-0.5166600000000002,7.797044109226553,-15.297,20.02,5.66034,52.4405035100946,-93.796,101.639,5.64348,52.41202256891923,-94.124,101.959,9.883920485278216,61.548296692558154,1
0.6316400000000001,1.1137786897745523,-1.536,2.764,-3.79618,1.0813265981361664,-6.89,-2.456,9.19422,1.358057485633695,5.491,11.484,-0.2914799999999999,7.727484822583951,-15.251,12.184,-6.955979999999999,48.45574717055486,-87.936,72.304,-6.8270800000000005,48.335186175771895,-88.242,72.548,10.145468091120367,59.38861091188008,1
0.98262,1.1373644595632268,-1.844,3.061,-3.5035,1.091625005696198,-6.741,-1.231,9.06658,1.1615017564360726,6.418,10.563,1.6943399999999997,5.6686928940399275,-7.454,18.082,9.30176,43.50638373733685,-80.078,99.678,9.3301,43.02598516618078,-78.438,99.998,9.936077733294505,52.17360284514678,1
0.4051999999999999,1.4120367255442452,-1.99,3.675,-3.30024,0.9454998367130952,-5.208,-1.536,9.31552,1.18935892936369,5.958,11.643,-2.6290999999999998,5.734809874435103,-15.19,8.324,-4.62148,34.58310017160382,-58.617,64.461,-4.6711599999999995,34.11864233808675,-58.83,64.705,10.075659921255854,42.63429223666361,1
0.8808199999999999,1.5309062767404362,-2.304,3.233,-4.18446,1.4604303700328496,-7.348,-1.84,8.7021,1.419502934703783,5.036,11.181,-1.40954,7.183986728460311,-15.228,16.159,-8.75722,50.90155282114361,-119.202,99.67,-9.02344,50.9089158159703,-119.614,99.998,9.989896432114138,60.2073118019345,1
0.6631,1.459714317171378,-1.073,4.291,-3.60898,1.1371891320448047,-5.817,-1.994,9.1702,1.486883454801776,6.111,11.794,0.13700000000000012,9.115548743655491,-17.166,29.823,11.561260000000003,56.84957472811696,-93.819,130.974,11.407919999999999,56.79903715368163,-94.124,131.371,10.11616796277893,66.44414715545254,1
1.3651999999999997,1.77220757065006,-1.378,4.744,-3.7687600000000003,1.1252877647381527,-6.116,-1.525,8.811060000000001,1.773856601088287,5.344,12.563,-0.31053999999999987,7.68590493712022,-17.197,21.973,-13.674779999999998,60.14077765230577,-117.18,123.024,-13.494699999999998,59.328611139696385,-115.692,121.567,9.997623547360968,72.45115945347138,1
1.1597400000000002,1.6365480820611287,-1.074,3.984,-3.03382,1.1018589429705063,-5.507,-1.687,9.316659999999999,1.453097460248139,6.416,12.1,-0.32452000000000003,5.69544908996003,-13.176,12.245,13.31724,55.55789560506835,-89.897,117.233,13.252120000000001,55.08039883832893,-90.202,117.645,10.118756247401542,66.41046021897132,1
0.65422,1.7710261903593565,-2.148,3.38,-3.4128000000000003,1.2530737066452693,-5.818,-1.536,9.174040000000002,1.579538746415729,6.262,12.557,-3.1441200000000005,5.260328567529537,-17.059,8.293,-16.3813,54.106276062929695,-93.765,103.539,-16.4365,54.07165634420794,-94.124,103.92,10.123082152211415,69.15158320508844,1
1.5092599999999996,1.8752200612085996,-1.229,5.361,-3.93998,1.6255812585543872,-7.49,-1.536,8.546740000000002,2.240469692101299,3.194,11.18,0.6920000000000001,10.125253889484975,-36.591,20.065,13.712,66.36284865765772,-136.864,115.273,13.761740000000001,66.40277352512453,-137.26,115.685,10.036718671429322,80.14154104171426,1
1.9627999999999997,1.6899737348520527,-0.306,5.67,-3.65902,1.3929098523359988,-6.728,-1.99,8.839059999999998,2.125590735752856,3.652,11.332,-1.05132,8.784059524630107,-22.934,18.112,-13.560499999999998,61.20284343276138,-113.319,115.257,-13.49442,61.11886064459537,-113.731,115.685,10.177887830121838,73.77435545340539,1
2.71798,1.7871904354749273,-0.454,5.82,-4.35836,1.5730630299916564,-7.642,-2.14,7.790920000000001,2.9043890842401026,2.731,11.945,-2.1580600000000003,9.603424077730542,-22.926,18.074,10.068120000000002,75.70210837050978,-140.671,144.554,9.9571,75.73147572253062,-141.182,145.096,9.945789098297007,86.43949212880669,1
1.64938,1.2672537218371875,-0.625,4.283,-3.3385,1.2893221957640362,-5.962,-0.449,9.32178,1.5418940815683515,5.806,12.1,0.6914599999999999,8.970141798551596,-15.343,23.964,-0.7412599999999996,43.291167696458096,-81.94,72.311,-0.7096799999999996,42.68586372819509,-80.399,72.548,10.269862949726349,50.32668486896292,1
1.9536399999999998,1.4566643298289137,-0.152,5.056,-4.19564,1.429742031248423,-6.577,-1.99,8.28838,2.0068024916289504,3.962,10.874,-1.62546,11.144831016032427,-26.932,18.082,-11.726679999999998,49.57576673584112,-97.717,66.475,-11.80754,49.53014142973335,-98.045,66.666,9.847634053317394,61.122514145290914,1
1.8790600000000004,1.1711270763583224,-1.104,5.056,-3.638000000000001,1.1791357263794908,-6.119,-0.924,8.90366,1.244243604503129,6.57,11.183,0.4362999999999999,8.960880806401267,-28.847,23.949,13.359360000000002,39.88935803135304,-58.632,89.859,13.3302,39.937902130325135,-58.83,90.195,9.981282159061937,50.84607075825085,1
2.9320599999999994,0.9911882872675235,0.772,5.358,-4.12432,1.1075302997651844,-7.349,-2.596,8.3868,1.6324659198867941,4.892,10.72,-0.9956400000000002,6.995616066757051,-15.129,21.744,-17.310220000000005,47.32412992711832,-91.82,76.187,-17.2593,47.006206140948095,-92.163,76.469,9.996559065092995,59.98492306026293,1
3.8579000000000003,1.054023007339024,1.989,6.285,-4.24954,1.4859211423304028,-7.189,-1.975,7.794559999999999,2.199711225574477,3.191,10.722,-0.6734800000000001,9.904167224858393,-19.272,23.705,14.2146,54.0060140732644,-81.94,119.171,13.918539999999998,53.582245778063616,-80.399,119.606,10.035376103378093,62.29725013851674,1
2.6281199999999996,1.24455850117909,1.074,5.667,-4.01198,1.1534778376894879,-6.877,-2.595,8.70294,1.75440376999232,4.882,10.717,-0.8236199999999999,9.341022519499454,-21.194,23.758,-12.30956,50.93011031943076,-97.633,105.492,-12.23936,50.51494941053973,-96.085,105.881,10.184187838794223,56.82151465966155,1
2.7675,1.436207694178083,0.444,5.215,-4.7320400000000005,1.1631838600345596,-7.184,-2.756,7.798800000000001,1.960098487737964,4.116,10.87,1.70962,6.404908356622652,-13.474,20.02,6.21614,52.87160002713158,-80.109,107.491,6.427900000000001,52.57857201709783,-80.399,107.841,9.852814011739746,63.86826329994133,1
1.76802,1.4143003677451553,-1.087,4.597,-3.9695400000000007,1.0462759071476087,-6.117,-1.985,9.04954,1.6750460634543392,5.801,11.482,-0.57202,6.128795918266092,-11.284,14.236,0.15231999999999943,53.74837256214539,-83.992,111.359,-0.043039999999999454,53.55799226471189,-84.32,111.763,10.289668698886182,64.74153055974233,1
1.63982,2.1321244238494876,-2.153,6.895,-3.34876,4.244577268247387,-8.926,15.388,7.9788,3.8964928972037387,-8.926,15.388,5.07244,42.52597745252007,-111.771,190.193,-8.6222,79.06197831487158,-182.358,221.565,-8.66986,78.94384057786954,-182.358,221.565,10.380585827770641,91.39712003458133,1
-0.29461999999999994,2.9769962733998736,-9.08,6.771,3.11508,10.718416826135075,-18.005,19.543,3.9044,10.715515394196647,-18.005,19.543,-5.39854,140.9275961689823,-243.141,239.212,25.480079999999997,143.33423317687104,-245.102,245.094,22.41214,149.20050069402365,-245.102,245.094,13.84058121324358,221.4301573675592,1
-0.06786000000000014,5.900716954052002,-17.235,17.235,-2.07404,8.550245226128826,-18.928,18.312,-0.8409799999999998,9.820141321336491,-18.928,18.312,1.7986599999999975,120.47643016359537,-235.298,229.408,22.948240000000002,115.94667357472255,-219.612,243.134,25.327279999999995,120.10163660375153,-219.612,243.134,11.407772680961454,169.4601357348355,1
-0.83132,6.899931101223595,-17.543,17.542,-1.13604,11.037987902563712,-19.543,18.927,-0.64668,10.24964434712,-19.543,18.927,-23.415420000000005,140.34277000463936,-249.023,249.016,8.97636,143.80654764985422,-241.18,249.016,8.97636,143.80654764985422,-241.18,249.016,14.620403863248548,227.76026696001034,1
-0.66822,7.412055844944197,-18.774,18.466,-1.7822200000000004,11.80432390044134,-18.774,18.927,-1.4436600000000004,11.194595814654024,-18.466,18.927,0.1140000000000009,140.04116089426083,-235.298,249.016,16.741399999999995,149.44191805227493,-235.298,245.094,16.741399999999995,149.44191805227493,-235.298,245.094,15.808390358550177,234.88254097924718,1
-0.7635799999999999,5.328383585697123,-17.543,13.541,1.75402,11.090771181831997,-18.62,18.466,1.44008,11.722540145499915,-18.62,19.235,1.4081000000000012,160.6812885658871,-247.063,249.016,-3.3763999999999963,154.2966413790564,-249.023,231.369,-3.3763999999999963,154.2966413790564,-249.023,231.369,15.245973118315915,241.99136063817627,1
0.36597999999999997,6.328634580433055,-19.082,19.389,-2.19782,9.946710268778338,-19.082,19.389,-2.6348400000000005,9.762162070996782,-18.774,19.389,-14.23938,152.86983272010556,-245.102,247.055,28.780379999999994,139.52694225787448,-239.22,229.408,28.780379999999994,139.52694225787448,-239.22,229.408,12.951021075307267,235.98960592334973,1
1.65934,5.544516723607869,-9.387,19.6,-1.1232,5.538873796971322,-16.158,11.657,2.1526199999999998,7.846167235104315,-16.158,13.948,2.0942999999999987,74.05486575705825,-184.319,213.722,-26.109120000000004,103.02868818760518,-227.455,192.154,-42.58522000000001,103.61792978037643,-239.22,192.154,10.128833283426863,136.93002948407195,2
2.80998,3.8264140162927522,-9.509,8.133,4.1154399999999995,2.0810724586037805,-1.366,9.051,7.634059999999998,2.8314901421156247,0.796,16.568,-0.011580000000000439,25.761783439095538,-50.377,70.686,-7.8530999999999995,62.83409460659565,-171.86,168.243,-7.769040000000001,62.132225053348925,-170.593,168.625,10.225287074503589,70.0384635996628,2
6.28904,1.0815371894876746,4.301,8.585,2.94898,1.3078952165793023,0.479,6.93,7.28928,1.3470684578758727,4.765,10.118,1.9247400000000001,18.690758392809194,-38.666,55.061,9.9671,20.806507751819634,-33.173,68.314,9.5663,20.07510849565314,-31.38,66.666,10.234054585147677,28.140245896633836,2
2.54126,3.836474826489249,-4.001,9.503,1.3490799999999998,7.3050468292231265,-19.389,17.081,4.078679999999999,7.9802467059199955,-19.389,17.081,21.130800000000004,85.21430236642156,-227.455,217.644,22.806399999999993,75.14503165213253,-115.692,217.644,-4.161860000000001,93.23680824390446,-227.455,235.291,10.51266501455724,117.2541703259239,2
0.015100000000000025,1.6744703487908026,-3.694,3.078,-0.009519999999999857,8.374855815365615,-19.543,19.389,-0.009519999999999857,8.374855815365615,-19.543,19.389,-8.12192,124.47349379635416,-237.259,247.055,-8.12192,124.47349379635416,-237.259,247.055,-6.012440000000001,108.44391672970873,-247.063,239.212,8.894327028135182,160.3908825798614,2
0.21163999999999997,2.225080376993522,-4.771,6.133,-0.54194,6.9539830119881945,-17.235,17.388,-1.5693599999999999,10.690446157734884,-19.082,17.388,-0.7435200000000037,130.20247119167118,-243.141,221.565,10.50366,135.4903050705346,-229.416,249.016,1.0191600000000005,133.91293590458736,-229.416,249.016,10.828225586466633,197.0926367647024,2
2.5284999999999997,4.571257855071296,-2.309,14.254,1.5160399999999998,3.3940853894709853,-2.309,14.157,1.6282199999999998,10.993348137721412,-19.236,19.543,-0.6760199999999995,136.3644067728445,-245.102,249.016,12.029440000000001,124.89336872858333,-247.063,249.016,10.584179999999998,125.97369248746392,-247.063,249.016,11.409512791449783,192.65555039794094,2
2.0493799999999998,5.179591753237323,-16.62,13.173,0.78672,5.453276315487894,-18.158,10.925,2.2373200000000004,5.379189440646922,-14.619,13.234,1.0328799999999996,77.16190640481949,-186.279,239.212,9.077480000000001,88.4689669524995,-205.887,239.212,5.847540000000001,91.41262926840948,-205.887,239.212,7.236083567716951,101.2376187657441,2
0.95658,3.8238620347518197,-7.233,13.941,1.7557999999999996,5.988102346677594,-16.774,19.081,3.6767199999999995,8.283118243654823,-17.851,19.081,27.844079999999995,114.0722191080649,-235.298,237.251,14.204500000000001,111.14450487086529,-235.298,247.055,-0.6221199999999988,106.29795011359651,-233.337,243.134,9.054622766411859,155.75847490969653,2
-0.98336,5.681782160626745,-17.851,15.85,-1.0802,5.595402496875521,-17.851,15.85,2.0394799999999997,4.4805018816910165,-6.002,16.157,18.26998,84.77784632466532,-231.377,205.879,13.726679999999998,85.9289844394397,-229.416,205.879,12.109380000000002,88.87034455693856,-229.416,205.879,6.3777462375775675,97.10751243438662,2
2.17558,4.979668692733258,-3.232,18.084,0.57562,6.808309283635157,-19.082,12.464,1.4586200000000002,8.637040916391943,-19.082,12.464,-11.36922,96.57526548110822,-237.259,207.84,-9.494959999999997,99.39254652052689,-237.259,207.84,19.079900000000002,111.66426968687918,-215.691,237.251,10.454596883304474,137.073755193764,2
-0.00888000000000002,3.9291232788509145,-12.311,10.576,0.20484000000000016,6.448017946878351,-17.389,18.466,2.84588,7.90488004179077,-17.389,19.543,-3.445240000000002,101.63012902428218,-245.102,249.016,-12.422640000000001,112.6893076974792,-249.023,247.055,4.099059999999998,127.80261814481655,-245.102,247.055,8.907855074607177,163.66648348160646,2
4.381880000000001,5.584964383859543,-2.617,17.696,1.6137400000000002,7.234129486041588,-18.312,18.773,3.8929599999999995,6.842645361947947,-18.312,18.773,7.4223,83.51102131522667,-203.926,209.801,1.9413999999999993,83.92294060819444,-223.534,209.801,7.599680000000001,102.65821364684277,-237.259,243.134,10.635079225100705,115.16640481445027,2
0.6357200000000001,7.263539855065329,-14.004,18.158,0.4342399999999998,9.944760683056446,-19.543,19.389,0.27210000000000023,10.006812023184354,-19.543,19.389,-1.7036800000000012,122.51578706943219,-225.494,243.134,-12.579460000000001,126.74532904845215,-249.023,243.134,-25.88674,127.72667872306434,-249.023,215.683,13.404859483973137,194.594323834722,2
0.008880000000000087,7.753631890637458,-19.389,18.927,-1.7485000000000002,10.720558706979592,-19.389,18.927,-0.9082199999999997,11.619706338784635,-19.389,18.004,2.85964,157.46242951590526,-247.063,239.212,-19.49336,153.03791402263155,-245.102,247.055,-39.023540000000004,140.4544486303278,-245.102,247.055,15.363445098835308,244.14925198535747,2
-0.7635799999999999,7.744641984821586,-19.543,18.773,1.32004,12.571310182819175,-19.543,19.543,2.2895600000000003,12.474458067914746,-19.543,19.543,24.859220000000004,152.66360833335094,-247.063,247.055,-2.396179999999997,147.38232888850547,-227.455,247.055,-18.710079999999994,149.79383078886002,-229.416,247.055,17.412391286401803,243.3821026976806,2
-0.12945999999999974,7.241062717162278,-17.543,18.158,-0.5450199999999998,11.518508170287488,-19.543,19.543,0.4674800000000003,12.14969814228203,-19.543,19.543,17.09414,148.32883529097072,-245.102,241.173,-2.788219999999994,131.20380332657578,-245.102,241.173,-13.611700000000003,137.32265827965097,-243.141,225.487,16.425631649674386,227.30301655429005,2
0.7660800000000001,5.903252876514917,-12.003,19.081,1.6555000000000002,10.319456618842063,-19.082,19.081,0.4674999999999997,12.025703175587985,-19.389,18.773,-28.27837999999999,151.2282690014641,-247.063,237.251,3.5649600000000006,148.23390646514292,-247.063,229.408,54.74142,140.22678127977304,-221.573,249.016,15.267168141175178,238.60934818818197,2
-2.1515799999999996,8.001209416464642,-19.236,17.235,-2.07464,10.462153133761984,-19.236,17.235,1.3785200000000004,10.267118458378055,-17.697,17.081,9.996380000000004,146.56862057459082,-245.102,245.094,-16.827239999999996,143.727239876485,-249.023,245.094,6.702879999999999,137.0672772797478,-249.023,239.212,15.337376800264085,227.21057168410138,2
1.8586199999999997,6.5172251948515765,-10.311,19.389,2.23716,9.872971428654111,-19.082,19.389,-1.3821999999999997,10.954211192830948,-19.082,19.389,-42.827600000000004,143.89324408457708,-245.102,247.055,12.584659999999994,154.74257751196114,-245.102,247.055,30.584400000000002,138.35714013703074,-225.494,245.094,14.260420339957728,236.4544463058737,2
0.42442,6.94981442738596,-16.466,17.388,0.7968600000000001,10.655690132717345,-18.466,17.388,-1.0467,10.417581587520832,-18.466,18.158,-16.5526,144.46131981726782,-243.141,231.369,2.1925600000000065,149.47835041238088,-243.141,241.173,-23.533599999999996,152.2929028013895,-239.22,241.173,14.608397730511461,236.16787122892202,2
0.07976000000000018,6.476154271271348,-18.466,17.696,0.005880000000000116,10.981977084258721,-19.389,19.543,0.06743999999999975,11.250123275805306,-19.543,19.543,-22.59214,140.018480955997,-249.023,243.134,-29.69068,138.87552227634706,-249.023,247.055,1.8785399999999988,149.4443820909277,-249.023,247.055,14.686821113575947,229.16252030991308,2
0.03669999999999977,7.292437957030753,-18.005,19.235,-0.5634599999999998,11.772490892096277,-19.236,19.235,0.28289999999999993,11.252268783925945,-19.236,16.619,43.80018,145.06059179960852,-209.808,249.016,50.858940000000004,140.81617879383876,-209.808,249.016,28.584460000000004,139.22064525681117,-233.337,231.369,16.201361561364173,237.03819442356118,2
0.17512000000000008,6.453003665878142,-19.082,15.542,-0.16342000000000018,10.059765680903999,-19.082,15.85,-1.5083400000000007,10.510810874970007,-18.774,16.004,14.348940000000004,156.42273906731992,-235.298,245.094,43.68275999999999,152.51329441477338,-221.573,245.094,41.9574,136.12989760144387,-229.416,235.291,14.11437919933057,248.7940779028683,2
0.18744,8.340309892838,-19.389,18.619,0.9691399999999999,11.809501511900992,-19.543,18.619,1.1138,11.413618240809475,-19.543,17.85,17.368599999999997,136.66611365615674,-227.455,229.408,4.270480000000003,137.02310362828658,-245.102,245.094,-10.748719999999999,149.168178244207,-245.102,249.016,16.57138670075116,226.96528830655458,2
0.07659999999999982,7.573189528372644,-18.158,16.465,-0.7358799999999998,11.350865617697199,-19.082,16.465,-0.8159199999999999,11.30149354738712,-19.082,16.311,2.8983800000000057,146.92315688473042,-243.141,237.251,10.858999999999998,147.63052869392897,-243.141,237.251,14.192140000000002,146.68003826391117,-249.023,239.212,16.029027995780886,232.7596815711239,2
-0.9974999999999998,7.592565247043468,-19.236,18.466,1.21226,10.919880706551062,-19.236,19.389,2.9019399999999997,10.450827932069032,-18.005,19.389,19.447640000000007,144.2703571385618,-245.102,219.604,2.5061400000000034,141.60820155497018,-245.102,219.604,9.957160000000002,137.64200222276716,-233.337,227.448,15.26138165566635,225.67955567995944,2
-0.32342,7.661378572837041,-17.543,19.235,-0.1881000000000003,10.766618490709597,-17.543,19.235,1.3631,10.798614214285998,-17.235,19.543,6.584960000000002,144.9453910553987,-229.416,249.016,0.8589599999999992,147.20010446951153,-235.298,233.33,-7.886200000000006,148.6693752784126,-243.141,241.173,15.099756492188208,236.72547867734423,2
0.12280000000000005,8.677350550221453,-17.697,19.081,0.5628799999999999,11.895114148151375,-18.312,19.081,1.3631200000000003,10.959984430645877,-18.312,19.235,33.01594000000001,140.6279698604725,-225.494,245.094,27.09434,147.8039438970933,-247.063,249.016,17.52584,141.4548347788099,-247.063,249.016,16.520664274083465,228.54134878809623,2
-0.33577999999999997,5.286141767617186,-15.696,16.004,0.10441999999999993,11.41941164374889,-19.236,18.312,0.9785000000000003,12.06179115925109,-19.236,18.312,-6.552939999999996,149.64742244265693,-243.141,247.055,-29.533459999999994,144.12936699682868,-243.141,247.055,-22.474659999999993,138.02694115126914,-239.22,249.016,15.738148661520956,236.8290087781076,2
0.01022000000000002,6.484064105016173,-18.005,15.234,1.5368799999999998,9.588376844696832,-18.005,18.773,3.94074,8.6444056530386,-14.927,18.773,-5.744800000000001,111.65538417846592,-249.023,225.487,-20.78684,125.98868702231375,-249.023,235.291,22.976700000000005,115.95072463999875,-241.18,243.134,13.062510694225923,169.40417579116925,2
2.8226599999999995,4.825837931301017,-10.003,18.004,3.4199599999999997,5.243357188921259,-15.389,18.004,3.0319800000000003,6.047887789458197,-15.389,17.235,21.91312,72.63621640376579,-196.083,219.604,11.70308,76.52546441913893,-225.494,219.604,4.304139999999999,78.93120134235477,-225.494,247.055,8.727360312647024,87.13280093206419,2
2.6994000000000007,4.6297705060591845,-12.311,10.885,4.4726799999999995,4.793368788700677,-2.309,17.542,4.849340000000001,5.243691329549427,-2.309,18.927,36.8512,76.49891971332747,-131.378,241.173,16.94472,60.003755257667336,-121.574,211.761,16.6574,87.2811892121419,-225.494,249.016,9.364710727107287,104.88692243864813,2
1.9261799999999996,4.80855812191521,-11.234,18.927,1.49024,6.860370346283302,-18.62,15.234,1.54808,7.95796424290965,-18.62,18.312,-2.287479999999999,80.40633754523562,-241.18,237.251,-3.2000599999999992,91.90916645329334,-241.18,237.251,-21.11156,93.87412958571663,-237.259,237.251,9.35828121839043,105.38499055632708,2
1.65796,5.239402185714843,-14.773,10.73,1.54804,5.106753695302897,-14.773,9.392,2.5961199999999995,5.791967015071259,-17.543,10.772,12.854679999999998,85.37934112151774,-229.416,231.369,12.120560000000001,89.6190718505468,-229.416,239.212,13.34932,95.41372869673357,-247.063,239.212,7.87296194175195,108.58447437556634,2
1.1773,5.849752376583726,-16.158,15.08,1.11016,7.307092856580781,-16.158,17.235,0.66996,8.11445238249354,-18.62,17.235,-18.83226,94.26389374425915,-237.259,196.075,-15.700819999999998,107.71011968538706,-219.612,239.212,-7.182600000000003,121.3113601102383,-249.023,249.016,10.033528661913845,143.34782491075646,2
0.13967999999999997,5.968341144569333,-16.158,16.619,1.6519400000000002,6.08646240006023,-14.004,17.297,2.34212,7.725851461271609,-18.62,17.235,6.18516,83.45770687082855,-247.063,233.33,6.5848,75.0240662106201,-247.063,190.193,11.35422,64.02304567355382,-186.279,164.703,9.705040191737156,92.22006745552751,2
0.8472600000000001,5.52202292794359,-14.465,17.388,3.60894,6.585617487389022,-17.235,19.603,3.8193,7.696428645011601,-18.928,19.543,38.766079999999995,83.19114389135812,-241.18,247.055,22.775100000000002,91.60585993738253,-205.887,196.075,22.29202,107.84334179545733,-247.063,199.997,9.843816783505721,139.2466784190031,2
0.7457,6.503301642635226,-18.005,11.541,3.5084000000000004,5.130553807080377,-13.542,13.574,5.515600000000001,6.635201699408748,-17.081,19.235,37.34118,64.91415217751921,-68.634,233.33,22.18328,64.50714568993777,-135.3,233.33,18.675859999999997,72.87026258036279,-164.711,233.33,10.1300382465166,88.16877427376541,2
1.8802599999999998,7.390547594552581,-18.312,17.081,2.45984,7.218181104937273,-18.312,16.311,3.36316,7.126120069096764,-18.312,16.927,44.16276,79.99574999413967,-162.75,235.291,31.249939999999995,68.3999735381289,-162.75,186.272,59.99838,117.84992060795643,-229.416,247.055,10.593931661339882,156.14421914663095,2
1.0192600000000003,6.351649931268863,-18.312,19.543,1.37304,8.131283115253591,-19.543,18.466,1.9443199999999998,8.100343143248152,-19.543,18.466,17.0299,93.89714468072965,-249.023,235.291,3.99492,78.12869510734927,-235.298,164.703,15.27402,74.60105209809342,-233.337,164.703,10.378937272387237,107.8200020351624,2
0.54478,4.246674099786316,-14.004,13.695,0.9178799999999999,5.4670383492195045,-18.774,13.695,3.91772,6.88833515930655,-18.774,17.948,24.787300000000002,91.31869387027757,-239.22,241.173,19.65332,62.23625147361742,-123.535,237.251,14.223279999999999,93.00494458328765,-215.691,237.251,8.263754322439327,117.78743829505474,2
1.0805600000000002,5.709089305695627,-17.697,14.772,4.55336,5.73411516138991,-11.542,18.927,5.606620000000001,6.869882100672679,-16.927,18.927,41.51066,99.93785834546365,-245.102,241.173,43.74085999999999,85.90750460007933,-186.279,241.173,0.051780000000000256,85.59491273536707,-211.769,241.173,11.504125344619583,141.15349291332498,2
-0.07496000000000003,6.251673868783676,-18.62,15.85,3.9124600000000003,7.968334991651875,-17.543,17.081,2.95156,8.729951123504387,-17.543,18.312,45.116299999999995,96.1782512131426,-245.102,233.33,41.31906,102.00899661072518,-245.102,233.33,0.9578999999999996,120.05544918847683,-243.141,231.369,12.184783858955662,162.23845530374126,2
-0.09165999999999999,2.469375279255042,-5.386,5.386,0.9439,8.691852667050581,-16.774,19.235,1.5077400000000003,8.999955133244175,-16.774,19.235,28.819300000000002,126.04026224741823,-237.259,245.094,28.53441999999999,131.24572836276639,-237.259,245.094,13.332500000000003,111.60053727400661,-229.416,231.369,10.204405404464367,170.25360923358446,2
-0.4777,3.5084760762403695,-14.619,5.252,1.25414,5.596705667349211,-14.619,14.559,1.2682199999999997,7.965661911310706,-18.928,19.235,-9.743159999999998,64.39003411111862,-211.769,170.586,-11.704039999999999,68.46912431816494,-211.769,170.586,-4.755200000000002,85.37478082823631,-217.651,249.016,8.106541930933858,84.0012411601819,2
-1.4774199999999995,6.3824840122744355,-18.158,19.081,2.56884,5.497454035445566,-14.158,18.54,2.02014,7.093665507122448,-17.697,18.773,3.855419999999998,75.34405735706089,-241.18,211.761,11.87808,70.4507430956421,-196.083,211.761,20.70982,89.28730701018036,-196.083,235.291,9.433005630418991,100.29298526387748,2
1.43472,5.748585157041261,-15.235,18.773,3.1233400000000007,6.251378374080262,-13.388,18.773,2.0986000000000002,7.05291041097972,-13.388,17.696,-1.6948199999999993,90.23268578755885,-223.534,213.722,1.3338200000000011,78.28844883615348,-223.534,213.722,22.460219999999996,92.87289462052699,-219.612,213.722,9.318751073106322,116.06272420197348,2
-0.005439999999999925,6.0299097808934325,-18.928,16.311,1.8760799999999997,4.9289270506896745,-5.386,17.081,3.30538,6.683906415794736,-17.389,17.081,41.93246,58.78580727581953,-33.34,217.644,31.318200000000004,78.62677682233571,-237.259,217.644,39.59826,98.93144252848916,-237.259,245.094,8.2162971021108,115.89386114409737,2
-1.3665399999999999,5.127175413700719,-19.389,7.54,-0.20780000000000012,6.5410910935315325,-19.389,8.404,-0.41958000000000006,8.047121488369083,-19.389,17.85,6.593400000000002,87.62787160883161,-213.73,231.369,13.876240000000001,84.08714002955142,-213.73,231.369,21.814300000000003,89.22024931188832,-160.789,247.055,8.965404243172074,106.33942267751405,2
-0.22737999999999992,6.581587699679418,-18.005,16.927,0.24978000000000009,7.176178402242821,-18.005,16.465,3.5455800000000006,8.552605575269006,-19.236,17.542,41.400380000000006,89.04849412147088,-200.005,223.526,13.664900000000003,95.47559946517588,-235.298,215.683,11.748840000000003,104.61328223321613,-235.298,243.134,10.935159414946913,141.89544092506364,2
-0.7500199999999998,5.394104686316236,-19.389,13.695,0.50264,5.777301032029912,-19.389,13.695,2.36134,6.71495114821077,-16.158,16.927,9.51282,71.32990596465218,-176.476,215.683,-10.442339999999996,82.83315704760912,-227.455,188.232,-8.463159999999995,101.11216109691338,-245.102,215.683,7.612112844436299,109.51204998685384,2
1.0797,4.726861590950173,-6.925,18.466,4.14708,6.315502765191609,-19.236,18.466,5.68562,7.706230672591087,-19.389,18.466,31.406259999999996,69.06862175558982,-88.242,243.134,31.19006,69.61361446728942,-88.242,243.134,37.84152,80.22851848803707,-88.242,243.134,11.741496922838294,108.41291237426515,2
-1.19688,4.997799526567177,-18.928,13.08,1.7203600000000001,7.883398880468464,-18.62,18.32,2.1006,8.25061904913065,-18.62,18.312,1.1753800000000008,84.82446470497356,-223.534,233.33,6.743400000000001,71.20418416563649,-184.319,233.33,7.598760000000002,92.84908093652598,-249.023,233.33,10.203461422936652,106.44237363423989,2
0.39626,5.560934640316999,-13.388,14.772,2.4045599999999996,5.713295146857201,-11.695,14.619,2.4384400000000004,7.324618681054813,-19.389,17.388,16.552580000000003,79.08797973584576,-247.063,225.487,10.988079999999998,87.45022468153306,-247.063,225.487,13.575760000000002,99.75417122915059,-247.063,225.487,9.243090175253519,113.18886317790555,2
1.01244,8.367545277183403,-19.389,18.158,3.06014,7.711234698272174,-19.389,17.388,4.94782,6.57986217115743,-12.003,18.619,24.999360000000003,82.4395803259377,-160.789,207.84,21.92206,86.10000198450068,-160.789,247.055,29.43624,115.57217618680315,-243.141,249.016,12.142737351837011,142.16958055682628,2
-0.6965399999999998,9.890609742063223,-18.62,17.85,-0.8219199999999997,8.686658223707791,-18.312,15.234,-0.9308399999999999,9.472268433696335,-18.312,15.234,15.886039999999998,60.442807313333276,-201.965,168.625,24.11132,56.49646533008476,-201.965,178.429,14.287580000000002,65.71459611668615,-209.808,205.879,13.192941687533011,79.9291443163051,2
-0.05199999999999995,7.148851521862282,-18.62,18.773,1.9194600000000002,7.324988573397788,-18.62,17.388,4.708119999999999,8.278692149101321,-16.774,17.388,-4.644519999999999,122.50914994370079,-235.298,221.565,-7.31106,104.76671977544457,-235.298,205.879,5.295060000000001,98.29031085107222,-192.162,198.036,11.599149483231045,155.94135239958786,2
0.01603999999999999,4.111896275194596,-19.236,13.849,0.47803999999999996,6.617417592248813,-19.236,15.234,3.0966000000000005,8.205680367021024,-18.774,17.85,28.28682,81.49995647818795,-219.612,227.448,11.49298,86.71221553200553,-219.612,223.526,25.741120000000006,90.02679656763426,-137.26,223.526,9.525926795958288,116.93454593565367,2
-0.36712000000000006,4.634140272686918,-19.389,9.387,0.75342,3.3983325808702243,-5.54,15.781,-0.07383999999999998,4.9771477790692416,-16.312,15.696,5.77382,41.86528928316222,-70.595,199.997,-0.660339999999999,80.9295217534948,-235.298,233.33,5.261000000000001,85.78048309088801,-235.298,233.33,5.530418220575311,86.09442527624255,2
2.0233600000000003,8.00298285656348,-18.312,19.543,1.7455000000000005,7.684862420262796,-18.312,17.388,1.9761400000000002,8.192101811015341,-18.312,18.466,18.43438,87.36487787035264,-205.887,235.291,20.605059999999995,83.68512372088603,-205.887,235.291,13.653439999999998,98.781814399863,-207.848,221.565,11.490700784271414,124.18755626253704,2
0.44839999999999997,3.926017361975188,-4.432,18.619,2.4925800000000002,5.730214912413755,-5.386,18.619,3.7815000000000007,6.867701056840088,-7.848,18.619,29.72904,80.537220150118,-119.614,237.251,20.96266,69.84546818676914,-119.614,207.84,24.16916,76.55652182867563,-119.614,247.055,8.355955885790955,112.00810964401799,2
0.52302,3.8097938210322497,-16.62,11.079,2.00504,4.801979213377988,-16.62,11.079,3.9396199999999997,6.642870048804668,-16.62,19.037,57.57524,71.38123449066016,-41.183,243.134,46.87559999999999,71.22838335887154,-64.713,243.134,15.27134,73.1248504709052,-219.612,209.801,7.8874716422712625,117.27377636209143,2
0.35322000000000003,5.569392969853453,-16.004,16.927,0.1383199999999999,6.492591600542003,-17.389,16.927,0.13987999999999995,9.311521670599323,-17.697,18.396,-25.417860000000005,110.09213940613934,-225.494,233.33,14.571000000000002,108.8310543089609,-221.573,249.016,5.764399999999998,115.2573976969702,-247.063,249.016,9.815850679793472,151.513978339608,2
-1.17812,4.7000195294427085,-18.466,5.196,-0.9855799999999998,5.541708066055786,-18.466,8.433,1.6211199999999997,8.20726912656813,-18.466,16.017,10.31956,101.49814006703647,-235.298,225.487,18.40246,91.74294434222176,-235.298,225.487,10.47154,102.46603790170613,-235.298,225.487,8.658854527478185,131.76062423989117,2
1.6220999999999999,6.018162202526479,-11.388,18.004,1.9344,5.990413164177494,-11.388,18.004,1.9111999999999998,7.474070947657124,-14.004,18.004,-9.10402,79.3092381057715,-241.18,205.879,-4.0472199999999985,69.93780322085313,-221.573,205.879,1.2499000000000005,62.77764532296444,-207.848,205.879,8.704417225513048,85.79945201305202,2
-0.2230599999999998,6.80727681897865,-18.466,17.85,0.37971999999999995,7.080755390464484,-18.466,17.85,0.36900000000000005,8.547263433642469,-18.466,18.927,-3.958720000000001,85.67383388963384,-209.808,221.565,-1.7031400000000005,61.42481777468672,-205.887,180.389,33.75122,84.13255560230596,-135.3,241.173,9.69928104415045,107.05779061930124,2
-0.0016200000000000747,4.643523406656121,-18.005,9.079,1.0759400000000001,5.876342793692315,-19.236,16.619,2.4908,8.83818217527028,-17.851,16.715,21.2559,98.92236313789574,-227.455,239.212,20.511460000000003,81.03714914733204,-207.848,249.016,25.98098,94.02212289831427,-239.22,239.212,9.742567409361596,130.2416925115062,2
0.5544000000000002,5.946552865281855,-17.851,15.542,2.6892,6.063290821974213,-17.851,18.927,4.43866,6.997810367769715,-17.851,18.546,24.886,91.88418934679876,-227.455,199.997,23.18012,91.40787675536546,-227.455,199.997,6.253160000000003,109.20400217835332,-227.455,199.997,8.76742386043908,128.2995679152846,2
0.14842000000000002,4.728966807337302,-16.62,16.311,1.1180599999999998,5.364621794341753,-16.62,12.464,2.2493,7.312694199758641,-17.851,16.157,25.166040000000002,102.44772666295006,-223.534,249.016,18.79154,91.52496105461825,-223.534,249.016,15.857539999999998,96.07069689030138,-223.534,249.016,8.154791996269974,134.5874864522053,2
0.9666399999999998,2.2612159069755333,-3.848,8.771,2.58594,3.4147574534239302,-4.104,10.109,1.9003600000000003,6.205188029383155,-18.62,11.048,21.144999999999996,95.60839382115581,-233.337,215.683,15.640859999999998,97.92202026873532,-233.337,215.683,-0.061400000000001835,113.17099415035459,-233.337,215.683,6.624344551196847,137.74041945137995,2
0.36074,4.50598653860866,-14.465,15.542,1.96388,6.1171403671176625,-14.465,15.542,4.313,6.952024881945092,-14.465,19.03,8.550260000000003,107.67083754511116,-247.063,243.134,18.243560000000002,88.02750141306375,-247.063,243.134,-7.604220000000001,99.03232610767834,-247.063,243.134,8.949106196902147,132.11311306056257,2
0.59102,2.9070688617469616,-6.464,9.694,0.27704000000000006,3.211500456490831,-10.772,7.702,4.0188999999999995,5.6040473830463435,-10.772,15.338,19.175459999999998,62.75541820244427,-137.26,182.35,16.14028,94.37599161474776,-198.044,239.212,38.755900000000004,109.66616957696515,-198.044,245.094,6.478423163666198,129.12925831206908,2
0.36068000000000006,4.10912468677072,-19.389,6.463,0.3308999999999998,6.189519022063814,-19.389,9.352,1.85538,8.285226537097245,-19.543,16.272,13.93524,90.45990381098272,-241.18,207.84,29.359419999999997,89.83321301100848,-239.22,241.173,15.215420000000002,113.3540564880207,-239.22,241.173,8.67726866336636,134.94827508920878,2
0.60168,3.222017015878756,-4.914,13.695,2.0644,5.4836625106412455,-19.082,15.234,1.5767400000000003,6.795542403934617,-19.082,14.772,3.493419999999999,105.86372188676326,-245.102,231.369,9.138219999999997,87.36635160814464,-245.102,231.369,2.3227200000000026,97.84244069849427,-245.102,231.369,7.4695210047838465,129.01327781933477,2
1.9679200000000001,5.258236624728165,-16.62,9.505,-0.8632599999999998,5.18321515069241,-16.62,7.351,2.1418799999999996,6.299192447886491,-16.62,16.773,-2.397000000000001,72.28267918359961,-211.769,213.722,-5.909400000000005,71.39665582490255,-211.769,213.722,-18.276040000000002,112.71522615250618,-247.063,231.369,8.268524565069995,103.23725367085186,2
6.5067,1.324510679766806,3.828,9.657,-5.5881,0.632502778892016,-6.571,-4.11,5.1744200000000005,2.437064837890374,-0.179,9.179,-1.97562,24.632485958289028,-58.289,56.938,-1.10264,23.9882511206411,-56.87,56.862,-1.10264,23.9882511206411,-56.87,56.862,10.31929926961755,31.826567486836936,1
6.70052,1.7211596854612714,2.919,10.418,-5.1213,1.018240684630473,-7.796,-1.646,4.1093,3.6395887592878804,-2.176,11.949,-6.677019999999999,34.309145058906104,-79.895,62.653,-6.1999,33.52341448334953,-78.438,62.744,-6.1999,33.52341448334953,-78.438,62.744,10.032050666189056,47.06158489749429,1
5.60026,1.3380366336768303,2.598,8.901,-5.36464,1.2882484828127638,-8.715,-3.204,5.809819999999999,3.090067958370323,-0.327,10.103,7.430980000000001,16.550286084820037,-42.557,39.101,7.645,15.991880419354654,-41.183,39.215,7.645,15.991880419354654,-41.183,39.215,10.212796339266031,23.987327767969578,1
1.0541600000000002,4.784809685763855,-14.927,8.099,-3.41238,5.830273546598244,-19.082,16.157,1.1794599999999997,7.429610982784375,-19.082,15.696,-23.32518,51.975010720298094,-190.201,68.626,1.607540000000002,121.31628582635742,-249.023,243.134,-5.91698,90.85602080180689,-233.337,235.291,9.480216979451546,119.16424427490487,1
1.49142,3.352039872942433,-7.387,6.599,-0.5278,3.9272441134376423,-7.387,6.617,1.1289799999999999,3.468545107513688,-7.387,6.878,4.73684,35.465942970548575,-94.124,76.469,-18.659319999999997,111.10623845991654,-245.102,233.33,1.6305999999999954,125.62892060528492,-249.023,227.448,5.310941399158723,141.56679896376096,1
2.5593,4.06927116901034,-9.849,10.925,-0.10497999999999998,6.678494955986929,-17.081,19.235,3.6760800000000002,8.123152207695467,-19.082,19.235,10.5417,82.7858636284244,-243.141,233.33,28.201819999999998,87.17001968793807,-186.279,239.212,9.589780000000001,84.9243699713589,-205.887,239.212,10.552289624808418,97.8746547849197,1
1.6618199999999999,6.630638759176515,-19.082,18.312,0.32836000000000015,7.51845470379793,-19.082,18.312,0.99042,7.824170577649957,-14.311,18.927,10.17106,98.74140075343993,-237.259,241.173,5.797860000000002,108.65050027646876,-237.259,229.408,-4.38824,107.74264280267349,-229.416,229.408,10.455877239682966,149.0096826812028,1
1.4449599999999998,4.9551657068195825,-16.312,19.389,-0.6070000000000001,5.611292571817176,-8.772,19.389,4.94832,6.773018952597497,-8.31,19.389,2.337479999999999,62.21936248279066,-192.162,194.115,12.005959999999998,78.81056602423048,-192.162,249.016,20.567339999999998,81.65205225050242,-241.18,249.016,9.604167746765318,105.37387934382028,1
1.3714000000000002,5.6872156811643455,-19.389,18.927,0.85902,6.780363675424822,-19.082,18.927,1.64488,7.814496992808446,-16.466,19.081,15.166480000000004,91.65835422944605,-219.612,243.134,25.978860000000005,98.28526164659269,-219.612,243.134,20.69368,109.24788333492239,-219.612,243.134,9.976933251712472,138.3230434594356,1
-0.26077999999999996,4.522773779982584,-17.543,6.771,-2.22262,6.740851244888458,-18.774,19.081,0.3970400000000002,8.766814507596944,-18.774,19.081,1.37976,123.62119960648054,-235.298,249.016,3.3464600000000018,96.86435355907113,-239.22,217.644,-9.5498,100.89988127619884,-239.22,217.644,10.11165538440288,156.07251685039967,1
-0.0073800000000002084,5.274623553218112,-15.389,13.695,-2.23012,5.328407449181208,-11.542,16.773,3.16072,6.09028335871064,-16.927,16.773,3.7501599999999975,66.3265653474549,-215.691,245.094,-10.167099999999998,107.24841014876992,-247.063,245.094,18.47456,132.01859928583656,-247.063,245.094,9.173001717020641,153.53035971258555,1
1.0495800000000002,5.687102311155569,-14.773,15.85,1.18604,6.963418161231111,-14.773,19.543,1.38028,7.5301195752762915,-18.005,19.543,11.0147,113.7311602092444,-237.259,249.016,10.155059999999999,103.71026683484867,-237.259,249.016,6.366259999999999,119.67184396930071,-237.259,235.291,9.108129403775273,164.83604072809354,1
1.9328,5.575303037430671,-19.389,14.926,-2.4754,6.432840474582638,-19.389,14.926,5.224100000000001,7.483755125985502,-16.466,19.543,1.5482999999999998,81.53283084226292,-188.24,249.016,13.594340000000003,94.870108262934,-241.18,249.016,5.6744200000000005,97.87230833207406,-241.18,249.016,11.703484493428903,126.21885864740203,1
-1.4621999999999997,8.016517188700757,-19.543,18.312,-1.4621999999999997,8.016517188700757,-19.543,18.312,1.5723399999999998,11.25533682504909,-18.928,19.543,20.035279999999997,143.41639745660257,-241.18,249.016,-1.0621799999999972,139.23807380602418,-239.22,221.565,-1.0621799999999972,139.23807380602418,-239.22,221.565,14.319426783160463,224.45670439173605,1
2.52026,9.285355946514349,-17.851,19.389,2.52026,9.285355946514349,-17.851,19.389,3.0343199999999997,10.670598729333278,-19.389,19.543,38.66313999999999,135.96603579405934,-247.063,249.016,-18.35702,148.9009023255633,-249.023,241.173,-18.35702,148.9009023255633,-249.023,241.173,15.654967202303862,233.4207213149675,1
-1.8775999999999997,9.079273368390181,-19.082,19.081,-1.8775999999999997,9.079273368390181,-19.082,19.081,1.39696,9.34435052057812,-17.389,17.696,17.799939999999996,119.06775113618708,-221.573,225.487,15.133099999999999,136.91439461721313,-247.063,247.055,15.133099999999999,136.91439461721313,-247.063,247.055,13.979455571076043,207.56436682079536,1
0.04476000000000016,8.227274408096672,-18.928,18.466,-0.78626,8.357365559450281,-18.466,18.466,-1.8671,8.442917387384771,-18.466,12.464,-29.725679999999997,112.79613728739446,-215.691,239.212,2.5404000000000013,140.2500774310965,-249.023,241.173,4.6059800000000015,135.91120613128564,-249.023,241.173,12.362207893334766,193.11389404928832,1
-2.26542,7.596373272926539,-18.312,19.081,0.06126000000000003,11.861810053585707,-18.312,19.389,0.25514000000000026,12.297089237485995,-19.543,19.389,-6.6313200000000005,144.72971939142286,-249.023,229.408,20.035719999999998,131.5520711901177,-237.259,225.487,0.8199999999999978,147.64063474531665,-245.102,235.291,17.214618893419768,225.123645940175,1
1.6063000000000005,9.215209396117144,-16.774,19.543,0.5043200000000003,11.511978294926427,-16.774,19.543,-0.38199999999999995,10.794759480641428,-18.774,17.235,-14.356840000000002,145.64081854866407,-239.22,243.134,-15.29828,135.9256936544015,-245.102,243.134,-4.631179999999995,147.79133872811548,-245.102,243.134,16.468195459311346,232.28822696873266,1
-0.44364,6.681110758683463,-18.005,15.85,0.8059999999999999,10.29331384730805,-18.005,18.619,3.1390000000000002,10.109650725713443,-18.774,19.389,25.564979999999995,130.99112069821794,-239.22,247.055,0.5449799999999962,139.54706806365678,-221.573,247.055,19.95706,154.4349210526795,-233.337,241.173,14.078814751713074,224.1728833966319,1
0.22131999999999985,6.470388779411535,-16.004,18.927,0.5382999999999999,11.114155673587387,-18.928,18.927,0.8583399999999998,11.030026219018923,-18.928,19.389,-6.27878,151.7255980667261,-249.023,247.055,-8.12174,150.65138016149626,-249.023,243.134,-21.219299999999997,140.42691609520662,-243.141,243.134,14.933707380566101,239.34007082812244,1
-0.69266,7.953901139127919,-19.543,14.772,-1.0097599999999998,11.774483444729288,-19.543,16.927,1.3108000000000002,11.31780897343579,-17.081,16.927,23.760879999999993,137.32109460849452,-217.651,227.448,16.545139999999996,140.34708355883208,-249.023,245.094,25.996419999999997,143.65994036315945,-249.023,245.094,16.663649159959697,226.22182833222192,1
-0.6712599999999997,5.295899733968242,-14.311,14.157,-0.09267999999999976,9.498369949176993,-16.774,19.389,1.28922,9.805000213947485,-18.158,19.389,17.094459999999998,124.60290964405155,-231.377,241.173,9.722119999999999,135.8736890572495,-241.18,241.173,-16.55272,140.12850064254653,-241.18,227.448,12.652606462352514,212.27244828960622,1
-0.3665,7.059542481706616,-18.62,18.004,2.2156800000000008,11.828644895285999,-18.62,19.081,1.5539200000000002,11.91593373809255,-19.082,19.081,-32.90612,151.12667748649724,-243.141,247.055,-36.08254,155.1875734457104,-239.22,247.055,-12.042819999999999,145.02995730561662,-245.102,227.448,16.261987615038368,242.21909396185853,1
-0.03719999999999988,5.9256930706329145,-17.081,14.003,-0.19422000000000017,10.471199058661927,-18.774,19.389,0.3843600000000002,10.932379970845268,-18.774,19.543,11.799520000000006,142.34897377510708,-235.298,249.016,14.858580000000003,149.43344071390283,-237.259,247.055,10.30992,165.97083814663196,-241.18,249.016,14.492407928196176,242.29717182295894,1
-1.13608,7.0969649817829215,-18.005,19.543,0.6274600000000004,11.152532724535568,-18.928,19.543,1.9355200000000006,11.35628205406279,-19.082,17.85,-4.435459999999999,125.07421712012693,-243.141,227.448,-11.729280000000003,121.90095466118285,-217.651,241.173,11.486200000000004,141.77869812968004,-235.298,247.055,15.757164982210545,202.1857036772881,1
0.34749999999999986,6.661019714942836,-11.849,16.927,-0.7820800000000001,11.383973290157545,-19.236,18.619,-2.04084,11.090194108383885,-19.236,18.619,-20.82748,156.39634863166057,-249.023,249.016,-17.10208,156.4962505397937,-249.023,249.016,-39.80822,135.31769725373195,-249.023,229.408,15.720118311914959,245.39674180329553,1
0.6583200000000001,5.417733928121458,-17.235,17.388,0.6274800000000001,10.467326694636263,-19.236,19.081,-0.49578000000000005,10.946794454458495,-19.236,19.081,2.114080000000001,143.49616699436643,-217.651,247.055,16.701940000000004,142.12279629155563,-217.651,247.055,4.858459999999997,139.01483718363392,-247.063,239.212,14.001125829037017,230.87803865387937,1
0.012020000000000147,6.592158494138072,-15.542,19.389,2.92964,11.600938654422473,-18.62,19.389,2.7111199999999998,11.54266147754954,-19.082,19.235,7.173199999999996,129.77425143592663,-243.141,217.644,7.32946,130.7281268833021,-200.005,227.448,0.5448000000000013,146.05265016592406,-243.141,239.212,15.99753327178811,214.65758824910867,1
0.93214,6.9314464904078825,-18.774,17.696,2.31722,12.14252465812037,-18.774,19.235,0.5106200000000001,12.555235499363993,-19.389,19.235,9.173160000000001,165.27110950913968,-247.063,239.212,17.25162,157.40850456355363,-247.063,239.212,-18.004100000000005,139.47814601230766,-247.063,229.408,16.775577771330212,253.0245964911672,1
1.6462999999999999,6.943143281140681,-19.082,19.543,0.5752200000000003,11.291077612189627,-19.082,19.543,-0.0003399999999998471,11.729266147181953,-18.774,19.389,47.33016,143.0516581807411,-217.651,247.055,39.64415999999999,132.01211582342722,-217.651,235.291,18.820339999999998,124.30986362191203,-247.063,235.291,15.322969968639475,219.50557850663733,1
-0.6591599999999999,5.118965075409804,-16.62,14.311,-0.7205999999999999,9.66638753197736,-18.005,16.619,2.9101399999999997,11.003142339684011,-18.005,17.235,-7.130820000000001,114.38951710224723,-231.377,247.055,-5.333659999999998,117.0864411525946,-241.18,247.055,-15.995140000000003,119.34225414944112,-241.18,213.722,14.270469243279308,152.83847026106596,1
-0.001,0.0,-0.001,-0.001,-0.15094000000000002,0.021637467504308353,-0.154,-0.001,9.83348,0.056660190106080324,9.809,9.962,0.48212000000000005,0.0025922962793631463,0.481,0.488,-1.953,0.0,-1.953,-1.953,-0.09783999999999998,0.009143660678975618,-0.114,-0.076,9.834661720756172,2.014028153990242,0
-0.001,0.0,-0.001,-0.001,-0.154,0.0,-0.154,-0.154,9.82124,0.04192926988953419,9.809,9.962,0.48156000000000004,0.0019183326093250898,0.481,0.488,-1.953,0.0,-1.953,-1.953,-0.1024,0.010787369787801634,-0.137,-0.084,9.822447381160407,2.0141280781690956,0
-0.001,0.0,-0.001,-0.001,-0.154,0.0,-0.154,-0.154,9.8243,0.04636600179494661,9.809,9.962,0.4817,0.002121320343559644,0.481,0.488,-1.953,0.0,-1.953,-1.953,-0.10238000000000001,0.010293429646019397,-0.13,-0.076,9.825507009881001,2.0141581519623273,0
-0.001,0.0,-0.001,-0.001,-0.154,0.0,-0.154,-0.154,9.824300000000001,0.04636600179494661,9.809,9.962,0.4817,0.002121320343559644,0.481,0.488,-1.953,0.0,-1.953,-1.953,-0.10202,0.008940825876111154,-0.122,-0.084,9.825507009881001,2.014133634403661,0
-0.001,0.0,-0.001,-0.001,-0.154,0.0,-0.154,-0.154,9.81818,0.03670438443476068,9.809,9.962,0.48142,0.0016792855623746683,0.481,0.488,-1.953,0.0,-1.953,-1.953,-0.10442,0.008785632984525105,-0.13,-0.084,9.81938775243981,2.0141886070015707,0
-0.001,0.0,-0.001,-0.001,-0.154,0.0,-0.154,-0.154,9.81512,0.030286145549490173,9.809,9.962,0.48128,0.0013856406460551031,0.481,0.488,-1.953,0.0,-1.953,-1.953,-0.10446,0.012182640711023105,-0.122,-0.053,9.816328123719215,2.014174361810198,0
-0.001,0.0,-0.001,-0.001,-0.154,0.0,-0.154,-0.154,9.824300000000001,0.04636600179494661,9.809,9.962,0.4817,0.002121320343559644,0.481,0.488,-1.953,0.0,-1.953,-1.953,-0.1057,0.008999433088721054,-0.13,-0.084,9.825507009881001,2.0143236249126324,0
-0.001,0.0,-0.001,-0.001,-0.154,0.0,-0.154,-0.154,9.81512,0.030286145549490173,9.809,9.962,0.48128,0.001385640646055103,0.481,0.488,-1.953,0.0,-1.953,-1.953,-0.10312000000000002,0.009516130237332693,-0.13,-0.084,9.816328123719215,2.0140912342493693,0
-0.001,0.0,-0.001,-0.001,-0.154,0.0,-0.154,-0.154,9.81512,0.030286145549490173,9.809,9.962,0.48128,0.001385640646055103,0.481,0.488,-1.953,0.0,-1.953,-1.953,-0.10186000000000002,0.008713138097735171,-0.122,-0.084,9.816328123719215,2.0140235537823274,0
-0.001,0.0,-0.001,-0.001,-0.154,0.0,-0.154,-0.154,9.81512,0.030286145549490176,9.809,9.962,0.48128,0.001385640646055103,0.481,0.488,-1.953,0.0,-1.953,-1.953,-0.10108,0.009882658487244724,-0.122,-0.084,9.816328123719215,2.0139895432213404,0
-0.001,0.0,-0.001,-0.001,-0.154,0.0,-0.154,-0.154,9.809,0.0,9.809,9.809,0.48100000000000004,5.607473066727768e-17,0.481,0.481,-1.953,0.0,-1.953,-1.953,-0.1014,0.009824999350885372,-0.13,-0.069,9.810208866278025,2.0139380132438887,0
-0.001,0.0,-0.001,-0.001,-0.154,0.0,-0.154,-0.154,9.812059999999999,0.02163746750430842,9.809,9.962,0.48114000000000007,0.0009899494936611675,0.481,0.488,-1.953,0.0,-1.953,-1.953,-0.10120000000000001,0.008687311883149012,-0.122,-0.084,9.813268494998619,2.013956515811474,0
-0.001,0.0,-0.001,-0.001,-0.154,0.0,-0.154,-0.154,9.812059999999999,0.021637467504308415,9.809,9.962,0.48114000000000007,0.0009899494936611675,0.481,0.488,-1.953,0.0,-1.953,-1.953,-0.10019999999999998,0.009154011053486167,-0.13,-0.084,9.813268494998619,2.013908521416636,0
-0.001,0.0,-0.001,-0.001,-0.15706,0.021637467504308353,-0.307,-0.154,9.82122,0.04193546548336065,9.808,9.962,0.48156000000000004,0.0019183326093250895,0.481,0.488,-1.953,0.0,-1.953,-1.953,-0.10254000000000002,0.008983454178632616,-0.122,-0.084,9.822499275333284,2.0141265286625964,0
-0.001,0.0,-0.001,-0.001,-0.15706,0.021637467504308353,-0.307,-0.154,9.8304,0.05363634162447286,9.808,9.962,0.4819800000000001,0.0024535688292770617,0.481,0.488,-1.953,0.0,-1.953,-1.953,-0.10346,0.015652097727311378,-0.175,-0.076,9.83167816149507,2.01431442612519,0
-0.001,0.0,-0.001,-0.001,-0.16012,0.030286145549490082,-0.307,-0.154,9.81508,0.03029503899576806,9.808,9.962,0.48128,0.001385640646055103,0.481,0.488,-1.953,0.0,-1.953,-1.953,-0.10558,0.010427769049367114,-0.13,-0.084,9.81643191206497,2.014223083537186,0
-0.001,0.0,-0.001,-0.001,-0.154,0.0,-0.154,-0.154,9.824300000000001,0.04636600179494661,9.809,9.962,0.4817,0.002121320343559644,0.481,0.488,-1.953,0.0,-1.953,-1.953,-0.10434000000000002,0.007752840164239483,-0.114,-0.084,9.825507009881001,2.0142476490452927,0
-0.001,0.0,-0.001,-0.001,-0.15706,0.021637467504308353,-0.307,-0.154,9.82122,0.04193546548336065,9.808,9.962,0.48156000000000004,0.0019183326093250898,0.481,0.488,-1.953,0.0,-1.953,-1.953,-0.10604000000000001,0.009398132684697726,-0.137,-0.084,9.822499275333284,2.014309619205272,0
-0.001,0.0,-0.001,-0.001,-0.16012,0.030286145549490082,-0.307,-0.154,9.81814,0.03662998102926198,9.808,9.962,0.48141999999999996,0.001679285562374668,0.481,0.488,-1.953,0.0,-1.953,-1.953,-0.10454000000000001,0.010635347302504887,-0.13,-0.076,9.819490437121827,2.0142035764072714,0
-0.001,0.0,-0.001,-0.001,-0.16012,0.030286145549490082,-0.307,-0.154,9.83038,0.05358643218470263,9.808,9.962,0.48198,0.0024535688292770617,0.481,0.488,-1.953,0.0,-1.953,-1.953,-0.10253999999999999,0.008456877408961542,-0.122,-0.084,9.831728952004209,2.014225334133079,0
-0.001,0.0,-0.001,-0.001,-0.154,0.0,-0.154,-0.154,9.809,0.0,9.809,9.809,0.48100000000000004,5.607473066727768e-17,0.481,0.481,-1.953,0.0,-1.953,-1.953,-0.1035,0.008947123582926708,-0.122,-0.092,9.810208866278025,2.014040835615815,0
-0.001,0.0,-0.001,-0.001,-0.15706,0.021637467504308356,-0.307,-0.154,9.808979999999998,0.00014142135623723112,9.808,9.809,0.48100000000000004,5.607473066727768e-17,0.481,0.481,-1.953,0.0,-1.953,-1.953,-0.10486000000000001,0.008978454937305444,-0.13,-0.084,9.810260760450902,2.0141113181424566,0
-0.001,0.0,-0.001,-0.001,-0.154,0.0,-0.154,-0.154,9.81512,0.030286145549490173,9.809,9.962,0.48128,0.001385640646055103,0.481,0.488,-1.953,0.0,-1.953,-1.953,-0.10786,0.00877615042752405,-0.122,-0.092,9.816328123719215,2.014336183333513,0
-0.034679999999999996,0.07755509957048444,-0.307,-0.001,-0.32572,0.3486220127230953,-1.074,-0.154,9.82354,0.04657853144783278,9.805,9.962,0.4817,0.002121320343559644,0.481,0.488,-1.953,0.0,-1.953,-1.953,-0.08248000000000001,0.03979449249146245,-0.13,-0.008,9.835350086645672,2.013603998508965,0
-0.009860000000000002,0.2300117131001491,-0.766,0.763,-0.10156000000000003,0.465289997787204,-2.149,0.46,9.692720000000001,0.24660552983852327,8.123,10.114,1.1824200000000002,3.3357995895486066,0.473,20.012,-1.36436,1.0640879156558907,-3.906,0.076,-0.08368,0.38855868886678824,-1.968,0.0,9.70670453032585,2.2598241018435656,0
-0.01002,0.06484030303722513,-0.154,0.153,0.08529999999999999,0.10358438342624779,-0.153,0.459,9.720859999999998,0.0757654840374462,9.657,9.809,0.48100000000000004,5.607473066727768e-17,0.481,0.481,-1.5624,0.7891311678041871,-1.953,0.0,-0.006400000000000001,0.0032324881425670744,-0.008,0.0,9.721997200762225,1.7053009166612265,0
-0.04364,0.08174169370520724,-0.307,-0.001,0.09139999999999998,0.09313650285073682,-0.307,0.153,9.7117,0.07367392305813136,9.657,9.809,0.48100000000000004,5.607473066727768e-17,0.481,0.481,-1.6795800000000003,0.6845457033682997,-1.953,0.0,-0.00688,0.002804078662030925,-0.008,0.0,9.71300674769029,1.7971234854108187,0
-0.09864,0.11460682744914974,-0.613,0.153,0.039080000000000004,0.08693014789038896,-0.309,0.153,9.772680000000001,0.09527392088079478,9.657,9.963,0.4817,0.002121320343559644,0.481,0.488,-1.7577000000000005,0.5918483758531404,-1.953,0.0,-0.0072,0.0024243661069253057,-0.008,0.0,9.774286961877223,1.858613367470566,0
-0.14482,0.03670438443476056,-0.154,-0.001,-0.001,0.0,-0.001,-0.001,9.827480000000001,0.050552151289534615,9.809,9.963,0.48184000000000005,0.0022978250586152132,0.481,0.488,-1.953,0.0,-1.953,-1.953,-0.008,0.0,-0.008,-0.008,9.828614098406785,2.0115784001665626,0
-0.15094000000000002,0.021637467504308353,-0.154,-0.001,-0.001,0.0,-0.001,-0.001,9.83364,0.05703051814598913,9.809,9.963,0.48212000000000005,0.0025922962793631463,0.481,0.488,-1.953,0.0,-1.953,-1.953,-0.008,0.0,-0.008,-0.008,9.83482170164289,2.0116458182799057,0
-0.13870000000000002,0.046366001794946474,-0.154,-0.001,-0.001,0.0,-0.001,-0.001,9.83056,0.05397851424409528,9.809,9.963,0.48198,0.0024535688292770617,0.481,0.488,-1.953,0.0,-1.953,-1.953,-0.008,0.0,-0.008,-0.008,9.831645374164987,2.0116121092232344,0
-0.13564,0.05022389056687533,-0.154,-0.001,-0.001,0.0,-0.001,-0.001,9.84904,0.06823547464479159,9.809,9.963,0.48281999999999997,0.0031016124838541674,0.481,0.488,-1.953,0.0,-1.953,-1.953,-0.008,0.0,-0.008,-0.008,9.850098956866981,2.0118143635632633,0
-0.15094000000000002,0.021637467504308356,-0.154,-0.001,-0.001,0.0,-0.001,-0.001,9.8244,0.04666904755831211,9.809,9.963,0.4817,0.002121320343559644,0.481,0.488,-1.953,0.0,-1.953,-1.953,-0.008,0.0,-0.008,-0.008,9.825582822648585,2.0115446911098913,0
-0.14176,0.041929269889534056,-0.154,-0.001,-0.001,0.0,-0.001,-0.001,9.8244,0.04666904755831212,9.809,9.963,0.4817,0.002121320343559644,0.481,0.488,-1.953,0.0,-1.953,-1.953,-0.008,0.0,-0.008,-0.008,9.825510670425784,2.0115446911098913,0
-0.15094000000000002,0.021637467504308356,-0.154,-0.001,-0.001,0.0,-0.001,-0.001,9.83364,0.05703051814598914,9.809,9.963,0.48212000000000005,0.0025922962793631463,0.481,0.488,-1.953,0.0,-1.953,-1.953,-0.008,0.0,-0.008,-0.008,9.834821701642888,2.0116458182799057,0
-0.40938,1.2532270001390615,-6.464,0.306,-0.14826,0.9933968278341845,-6.464,2.616,3.97822,5.046585943517273,-2.77,10.116,-1.7226200000000003,5.225739872974926,-35.301,0.496,-31.025280000000002,40.34379544034305,-188.24,70.587,-14.790920000000002,19.46866713763216,-80.399,23.529,4.6020998113884914,39.6366613326292,0
0.82452,3.6473743379061503,-1.374,18.466,0.04292,0.6908467989300063,-1.232,3.385,-1.22814,4.263927613631089,-19.082,3.385,-15.535780000000003,54.38015050278653,-243.141,43.137,-56.08402000000001,68.78622382617684,-243.141,145.096,-36.63361999999999,63.99138494787037,-243.141,127.449,2.554953950660247,91.07243443961737,0
0.0021999999999999997,0.02190797077945535,-0.001,0.154,0.0021999999999999997,0.02190797077945535,-0.001,0.154,2.2403399999999998,9.354810799055342,-18.928,19.389,28.546180000000003,119.19976741634102,-241.18,247.055,28.546180000000003,119.19976741634102,-241.18,247.055,28.546180000000003,119.19976741634102,-241.18,247.055,7.417249115333817,163.69747282296447,0
0.11044000000000001,0.7872319669550509,-1.847,2.462,0.11044000000000001,0.7872319669550509,-1.847,2.462,-1.21606,10.590618116916847,-18.928,18.619,-15.494419999999996,134.94666771382276,-241.18,237.251,-15.494419999999996,134.94666771382276,-241.18,237.251,-15.494419999999996,134.94666771382276,-241.18,237.251,9.09740903265734,197.18674446934102,0
-0.006799999999999986,0.3544610741128347,-1.693,1.231,-0.006799999999999986,0.3544610741128347,-1.693,1.231,-3.1611599999999997,8.989557947770654,-19.543,18.773,-40.27926,114.5462139017119,-249.023,239.212,-40.27926,114.5462139017119,-249.023,239.212,-40.27926,114.5462139017119,-249.023,239.212,7.978037042194514,175.31731671671798,0
0.03306,0.17686757527504432,-0.462,0.769,0.03306,0.17686757527504432,-0.462,0.769,-4.013659999999999,9.172861691791427,-17.543,17.235,-51.14231999999999,116.88061054462055,-223.534,219.604,-51.14231999999999,116.88061054462055,-223.534,219.604,-51.14231999999999,116.88061054462055,-223.534,219.604,8.906920958263079,196.3062044797892,0
-0.0038,0.05808614292583042,-0.308,0.154,-0.0038,0.05808614292583042,-0.308,0.154,-4.321339999999999,9.214221172775067,-18.312,19.543,-55.063959999999994,117.40828575634373,-233.337,249.016,-55.063959999999994,117.40828575634373,-233.337,249.016,-55.063959999999994,117.40828575634373,-233.337,249.016,9.042888399335112,199.56668620198914,0
-0.001,0.0,-0.001,-0.001,-0.001,0.0,-0.001,-0.001,-9.39038,2.924536697234177,-15.389,-3.078,-119.65292,37.26480831958632,-196.083,-39.223,-119.65292,37.26480831958632,-196.083,-39.223,-119.65292,37.26480831958632,-196.083,-39.223,9.390380119710795,207.24493671397428,0
-0.0004999999999999916,0.34626622116280326,-2.001,1.231,-0.0004999999999999916,0.34626622116280326,-2.001,1.231,-2.9887400000000004,10.624623079624126,-19.543,18.619,-38.08242,135.38033894514237,-249.023,237.251,-38.08242,135.38033894514237,-249.023,237.251,-38.08242,135.38033894514237,-249.023,237.251,9.797723113261577,216.06935452736002,0
-0.03447999999999999,0.231256306257091,-1.386,0.308,-0.03447999999999999,0.231256306257091,-1.386,0.308,-3.9428,10.408519512830804,-18.158,19.081,-50.23982,132.6270557772833,-231.377,243.134,-50.23982,132.6270557772833,-231.377,243.134,-50.23982,132.6270557772833,-231.377,243.134,10.183121075755565,224.62908033633315,0
0.0241,0.3021256158539061,-0.924,1.385,0.0241,0.3021256158539061,-0.924,1.385,0.7230200000000001,9.458994286812905,-18.005,19.081,9.211800000000002,120.52780981320181,-229.416,243.134,9.211800000000002,120.52780981320181,-229.416,243.134,9.211800000000002,120.52780981320181,-229.416,243.134,7.721474239421285,170.1525144136283,0
0.02984,0.27998741662686866,-0.616,1.847,0.02984,0.27998741662686866,-0.616,1.847,-8.614740000000001,4.684319216583894,-14.773,9.848,-109.77053999999998,59.68850615101021,-188.24,125.488,-109.77053999999998,59.68850615101021,-188.24,125.488,-109.77053999999998,59.68850615101021,-188.24,125.488,9.014294553592308,198.82221612387988,0
-0.12032000000000004,0.7458073406636294,-3.232,1.693,-0.12032000000000004,0.7458073406636294,-3.232,1.693,-1.1698399999999998,11.615247300485194,-19.389,18.773,-14.905819999999997,148.00243150328748,-247.063,239.212,-14.905819999999997,148.00243150328748,-247.063,239.212,-14.905819999999997,148.00243150328748,-247.063,239.212,9.752173481704597,211.92538832923532,0
0.00268,0.30863097573586723,-1.078,1.231,0.00268,0.30863097573586723,-1.078,1.231,2.06182,11.361702261239783,-18.774,18.927,26.271379999999994,144.77258934264836,-239.22,241.173,26.271379999999994,144.77258934264836,-239.22,241.173,26.271379999999994,144.77258934264836,-239.22,241.173,9.91534680109648,218.03606357833831,0
-0.01008,0.04813706620533851,-0.308,0.0,-0.01008,0.04813706620533851,-0.308,0.0,-7.55914,8.39818691562625,-19.543,18.312,-96.31834,107.01142196725294,-249.023,233.33,-96.31834,107.01142196725294,-249.023,233.33,-96.31834,107.01142196725294,-249.023,233.33,9.750662662847013,215.1891263069535,0
-0.031199999999999995,0.23689470665427778,-0.924,0.616,-0.031199999999999995,0.23689470665427778,-0.924,0.616,-1.0252000000000001,12.54634849878885,-18.928,19.081,-13.0626,159.86699480160988,-241.18,243.134,-13.0626,159.86699480160988,-241.18,243.134,-13.0626,159.86699480160988,-241.18,243.134,11.081194303546543,244.3241954281827,0
0.015119999999999988,0.6961479915380414,-2.309,3.385,0.015119999999999988,0.6961479915380414,-2.309,3.385,-2.56706,11.20257011402258,-19.543,17.542,-32.7098,142.7441234331343,-249.023,223.526,-32.7098,142.7441234331343,-249.023,223.526,-32.7098,142.7441234331343,-249.023,223.526,9.758381942070942,212.87687311986522,0
-0.02857999999999998,0.1958861695693992,-1.386,0.0,-0.02857999999999998,0.1958861695693992,-1.386,0.0,3.7944400000000003,14.590496858502085,-19.082,19.543,48.3492,185.9134627070194,-243.141,249.016,48.3492,185.9134627070194,-243.141,249.016,48.3492,185.9134627070194,-243.141,249.016,13.87462711054663,305.9962893028031,0
-0.031499999999999986,0.30939514725162887,-0.924,1.539,-0.031499999999999986,0.30939514725162887,-0.924,1.539,4.702280000000001,12.279179145668841,-19.389,18.619,59.91754000000001,156.46278459842867,-247.063,237.251,59.91754000000001,156.46278459842867,-247.063,237.251,59.91754000000001,156.46278459842867,-247.063,237.251,11.985902650303625,264.2239003614223,0
-0.00094,0.00023989793748209522,-0.001,0.0,-0.00094,0.00023989793748209522,-0.001,0.0,7.838600000000001,10.571073017186755,-19.236,18.619,99.87975999999999,134.69684610030703,-245.102,237.251,99.87975999999999,134.69684610030703,-245.102,237.251,99.87975999999999,134.69684610030703,-245.102,237.251,12.005880146079528,264.9676083371762,0
-0.009920000000000002,0.17142509996485106,-0.616,0.923,-0.009920000000000002,0.17142509996485106,-0.616,0.923,0.5197600000000001,11.102127241576872,-19.082,19.543,6.623400000000003,141.46408357182514,-243.141,249.016,6.623400000000003,141.46408357182514,-243.141,249.016,6.623400000000003,141.46408357182514,-243.141,249.016,9.610222278476945,211.99304223377902,0
