timestamp_ms,accelX_mps2,accelY_mps2,accelZ_mps2,gyroX_dps,gyroY_dps,gyroZ_dps,label
17083,-1.226,-0.924,10.572,2.472,3.914,3.922,0
17117,-0.153,-0.614,11.953,-3.319,-17.593,-17.654,0
17151,0.465,-0.611,11.494,-5.295,-48.851,-49.026,0
17185,-1.663,-0.926,10.725,-3.380,-82.047,-82.359,0
17219,0.618,-0.151,13.948,2.640,-136.711,-135.300,0
17253,6.416,-0.435,8.735,-9.338,-144.569,-145.103,0
17287,9.773,-0.116,4.598,-31.029,-101.685,-101.967,0
17321,-6.889,-2.786,0.908,-52.696,-146.690,-147.064,0
17355,8.610,-3.492,12.249,14.275,-68.306,-66.673,0
17389,-8.724,0.732,0.002,5.859,-85.915,-84.320,0
17423,19.600,3.142,4.304,45.135,23.613,23.529,0
17457,5.213,0.174,6.132,72.571,-54.405,-52.948,0
17491,10.429,10.464,6.938,14.015,-50.728,-49.026,0
17525,-9.387,-9.387,-9.387,-119.614,-4.311,-239.220,0
17559,-5.694,-5.694,7.694,150.978,150.978,-45.105,0
17593,3.231,-8.310,2.000,25.490,25.490,25.490,0
17627,-1.215,2.601,5.528,-42.694,109.207,107.841,0
17661,8.130,-0.122,4.904,-29.060,66.292,64.705,0
17695,8.896,1.261,6.596,-9.438,50.743,49.019,0
17729,5.059,2.319,6.447,4.227,5.875,5.882,0
17763,3.983,-2.284,8.728,2.380,15.633,15.686,0
17797,7.825,4.322,7.068,-7.462,3.876,1.961,0
17831,5.513,1.247,8.742,14.107,7.866,7.843,0
17865,6.286,0.791,7.054,6.210,21.507,21.568,0
17899,4.600,4.616,4.616,58.823,-156.868,-156.868,0
17933,0.769,-9.080,-9.080,-6.317,21.454,-209.808,0
17967,0.000,0.000,0.000,11.719,-152.946,-152.946,0
18001,-0.001,-0.001,-0.001,-0.008,-0.008,-3.914,0
18035,-0.308,-0.308,-0.308,-3.929,-3.929,-3.929,0
18069,-4.001,0.904,2.308,17.693,17.647,17.647,0
18104,-0.001,-0.001,-0.001,129.410,129.410,-29.083,0
18138,4.896,1.858,6.905,-15.282,-23.499,-23.537,0
18172,5.502,2.780,6.449,-7.492,-7.843,-7.851,0
18206,2.144,11.657,3.418,66.574,13.931,13.725,0
18240,8.736,-12.842,13.438,100.273,25.780,25.490,0
18274,0.928,2.303,7.826,0.389,-13.672,-11.772,0
18308,5.051,2.472,7.214,-9.407,-5.898,-5.890,0
18342,6.588,3.704,7.678,-38.681,11.566,9.804,0
18376,4.440,4.922,5.844,-32.913,-5.989,-5.890,0
18410,5.354,1.093,6.749,-25.055,9.666,7.843,0
18444,4.278,3.388,8.444,-13.252,15.572,13.725,0
18478,5.509,2.627,9.207,-30.792,-7.935,-7.851,0
18512,1.832,3.685,7.219,-21.126,-7.896,-7.851,0
18546,5.664,2.167,7.672,-7.431,9.735,7.843,0
18580,4.900,1.705,10.123,-13.168,-3.960,-3.929,0
18614,4.283,3.082,7.829,-13.283,-31.303,-31.380,0
18648,4.128,3.694,8.905,-1.511,-25.398,-25.497,0
18682,2.139,4.913,2.932,33.348,68.489,68.626,0
18716,0.455,5.519,11.058,33.752,-17.448,-15.694,0
18750,0.941,3.222,9.516,-7.339,15.594,13.725,0
18784,4.742,2.470,6.601,10.094,35.194,35.294,0
18818,0.325,5.366,10.138,-3.403,85.922,84.312,0
18852,-1.837,4.898,6.916,15.968,84.045,84.312,0
18886,1.232,4.757,10.442,14.191,-25.337,-23.537,0
18920,3.529,1.853,11.503,-20.912,-19.615,-19.615,0
18954,5.521,2.781,8.901,4.349,-15.610,-13.733,0
18988,2.901,4.456,6.302,-23.125,5.768,3.922,0
19022,1.531,5.830,6.767,27.679,68.466,68.626,0
19056,-1.844,7.810,7.541,70.686,168.243,168.625,0
19090,1.249,2.764,7.368,68.726,68.626,68.626,0
19124,-9.509,3.641,16.568,32.074,7.935,7.843,0
19158,1.991,9.051,7.699,-32.822,52.605,50.980,0
19192,-2.135,6.276,10.294,-9.254,-76.210,-76.477,0
19226,-8.424,7.631,6.467,17.899,-35.088,-33.340,0
19260,3.385,-1.366,5.819,-19.249,29.221,27.451,0
19294,1.975,7.978,8.155,-50.377,1.755,0.000,0
19328,-1.526,6.125,9.987,12.215,-109.329,-107.849,0
19362,-1.235,1.987,9.357,12.184,-70.267,-68.634,0
19396,-1.539,5.818,11.672,-15.045,-21.545,-21.576,0
19430,-4.142,1.209,12.880,4.547,-171.860,-170.593,0
19464,0.601,2.608,4.609,8.041,-119.110,-117.653,0
19498,5.355,5.385,7.378,4.272,-41.000,-39.223,0
19532,3.532,4.459,7.681,19.913,-101.486,-100.006,0
19566,2.296,7.672,0.796,27.382,-105.362,-103.928,0
19600,8.133,3.710,9.365,-3.441,83.969,82.352,0
19634,5.075,5.078,8.144,-5.455,-1.976,-1.968,0
19668,5.975,4.008,6.147,8.118,-7.782,-5.890,0
19702,6.597,3.551,5.992,0.298,-11.719,-9.811,0
19736,6.126,4.928,5.231,-5.600,-0.023,-0.008,0
19770,6.897,3.858,7.526,-5.486,9.743,7.843,0
19804,5.677,3.394,6.758,0.336,-29.297,-27.458,0
19838,6.438,3.551,6.145,25.696,-95.604,-94.124,0
19872,4.892,6.763,7.077,8.163,-124.969,-123.535,0
19906,7.501,0.182,1.074,33.257,-25.261,-23.537,0
19940,6.141,3.396,2.006,-46.776,15.442,13.725,0
19974,7.511,5.701,4.007,-38.864,74.066,72.548,0
20008,8.442,3.405,4.765,-17.342,40.947,39.215,0
20042,7.976,3.250,6.757,-3.571,25.375,23.529,0
20076,7.217,3.094,6.910,-7.469,9.735,7.843,0
20110,7.820,4.016,5.687,-1.671,3.899,1.961,0
20144,8.275,4.017,5.380,0.267,-1.953,-0.008,0
20178,6.129,3.855,6.300,-11.406,68.314,66.666,0
20212,5.666,4.773,4.924,-3.662,-13.687,-13.733,0
20246,6.284,2.936,5.989,0.298,1.953,1.961,0
20280,6.289,3.090,6.756,12.054,1.999,1.961,0
20314,7.520,2.329,6.447,19.852,-13.596,-11.772,0
20348,7.054,2.173,5.986,2.251,-27.336,-25.497,0
20382,6.589,3.397,5.838,-1.663,-9.773,-9.811,0
20416,7.661,2.942,5.683,4.189,-1.938,-0.008,0
20450,7.817,3.249,6.450,-5.539,-7.835,-7.851,0
20484,6.433,3.550,5.992,-11.421,5.814,3.922,0
20518,6.741,3.091,5.683,-9.483,23.399,21.568,0
20552,7.202,3.400,5.378,-9.499,15.587,13.725,0
20586,6.588,3.091,6.143,-15.320,11.658,9.804,0
20620,6.129,2.629,6.448,-27.023,29.190,27.451,0
20654,8.585,4.479,7.988,-38.666,36.957,35.294,0
20688,6.126,2.323,9.972,23.933,2.045,1.961,0
20722,5.223,3.546,7.065,-3.555,-1.968,-1.968,0
20756,5.825,3.088,7.676,6.241,19.554,19.608,0
20790,7.051,2.787,7.675,10.147,7.851,7.843,0
20824,5.674,1.708,6.751,6.195,0.023,0.000,0
20858,5.831,2.322,6.907,6.203,3.929,3.922,0
20892,6.288,2.017,6.752,14.008,-1.900,-0.008,0
20926,6.134,1.863,6.905,10.109,1.991,1.961,0
20960,5.828,2.015,7.059,6.210,-5.836,-3.929,0
20994,5.367,1.707,7.364,2.319,0.008,0.000,0
21028,5.058,1.552,7.517,-3.532,9.750,7.843,0
21062,5.056,1.399,7.823,-5.470,11.696,9.804,0
21096,5.519,1.248,8.435,-3.487,5.844,3.922,0
21130,4.909,2.012,8.592,-9.338,5.821,3.922,0
21164,4.906,1.859,7.978,-11.322,9.720,7.843,0
21198,5.212,1.860,8.438,-15.205,25.330,23.529,0
21232,5.825,2.169,9.359,-21.019,31.166,29.411,0
21266,6.129,2.476,8.900,-19.089,21.408,19.608,0
21300,5.364,1.860,8.744,-13.237,13.618,11.765,0
21334,5.672,1.708,9.203,-13.214,13.618,11.765,0
21368,5.670,3.700,8.292,-11.307,-7.858,-7.851,0
21402,6.283,3.856,7.526,2.327,-15.617,-13.733,0
21436,5.370,4.773,7.529,8.186,-33.173,-31.380,0
21470,5.827,5.388,8.145,17.982,-17.509,-15.694,0
21504,8.279,6.930,9.377,23.903,-11.627,-9.811,0
21538,7.819,6.162,9.681,41.496,41.176,41.176,0
21572,5.059,4.925,7.530,55.061,54.901,54.901,0
21606,5.522,1.861,6.752,51.117,50.980,50.980,0
21640,4.301,1.090,8.895,29.739,29.411,29.411,0
21674,4.908,0.479,10.118,35.660,35.294,35.294,0
21708,5.215,-1.359,9.498,31.715,31.372,31.372,0
21742,1.544,-1.680,7.964,31.639,31.372,31.372,0
21776,0.622,-3.676,6.117,25.688,25.490,25.490,0
21810,1.079,-3.061,5.813,2.235,1.961,1.961,0
21844,3.375,-2.133,7.656,0.374,0.000,0.000,0
21878,5.980,-0.896,8.120,-5.463,-3.929,-3.929,0
21912,6.746,1.559,8.436,-19.112,-17.654,-17.654,0
21946,7.052,3.246,8.443,-30.830,-29.419,-29.419,0
21980,7.964,4.169,7.680,-46.494,-45.105,-45.105,0
22014,9.038,6.166,6.768,-50.446,-49.026,-49.026,0
22048,8.125,6.316,8.302,-48.416,-47.066,-47.066,0
22082,9.503,8.468,9.843,-40.527,-39.223,-39.223,0
22116,9.193,9.692,7.855,-9.377,-7.851,-7.851,0
22150,7.661,8.613,6.931,12.062,11.765,11.765,0
22184,7.050,6.925,6.925,29.640,29.411,29.411,0
22218,6.590,4.624,7.375,45.288,45.097,45.097,0
22252,5.061,2.319,7.060,58.945,58.823,58.823,0
22286,4.908,0.479,7.513,53.108,52.940,52.940,0
22320,5.214,-2.126,8.116,60.944,60.783,60.783,0
22354,2.763,-4.281,8.567,51.201,50.980,50.980,0
22388,1.840,-5.818,8.254,37.514,37.254,37.254,0
22422,5.671,-3.964,7.648,21.858,33.287,33.333,0
22456,6.907,6.925,-15.850,-109.810,-109.810,209.801,0
22490,5.072,-1.360,5.666,70.587,36.613,35.294,0
22524,7.670,7.694,7.386,94.116,133.331,133.331,0
22558,1.231,1.231,1.231,-74.516,-74.516,-60.791,0
22593,1.385,2.462,2.462,-227.455,49.019,49.019,0
22627,-1.078,-1.078,14.157,180.389,-37.262,-37.262,0
22661,-2.001,-2.001,-2.001,-25.497,-25.497,-31.357,0
22695,-2.463,14.772,14.772,149.017,149.017,-223.534,0
22729,-2.463,-2.463,-2.463,-31.380,-31.380,-15.755,0
22763,-1.232,-6.771,-6.771,117.645,117.645,235.291,0
22797,-0.308,-0.308,-0.308,-3.929,-3.929,1.930,0
22831,0.000,0.000,0.000,64.705,64.705,-15.694,0
22865,1.077,-19.389,-19.389,-115.692,-115.692,-58.830,0
22899,2.000,2.000,2.000,25.490,25.490,15.724,0
22933,1.231,-4.463,-4.463,113.724,113.724,41.176,0
22967,1.077,-6.464,-6.464,47.058,47.058,172.546,0
23001,1.231,5.386,5.386,217.644,217.644,-127.457,0
23035,0.154,-0.462,-0.462,-50.987,-50.987,-219.612,0
23069,-2.309,-2.309,-2.309,-29.419,-29.419,-39.185,0
23103,-3.078,1.077,1.077,170.586,170.586,35.294,0
23137,-0.924,-4.463,-4.463,-94.124,-94.124,-31.380,0
23171,0.000,0.000,0.000,0.000,0.000,7.812,0
23205,0.616,17.081,17.081,211.761,211.761,-96.085,0
23239,0.154,16.004,16.004,141.174,141.174,-78.438,0
23273,0.616,-15.850,-15.850,11.765,11.765,111.763,0
23307,-2.617,13.849,13.849,-21.576,-21.576,-227.455,0
23341,-4.001,-4.001,-4.001,-50.987,-50.987,-39.268,0
23375,-3.078,16.773,16.773,64.705,64.705,-186.279,0
23409,-2.001,-10.772,-10.772,-11.772,-11.772,-219.612,0
23443,-0.001,-0.001,-0.001,-0.008,-0.008,15.617,0
23477,1.077,-11.234,-11.234,-237.259,-237.259,27.451,0
23511,0.154,0.154,0.154,1.961,1.961,-5.852,0
23545,-0.308,-8.926,-8.926,-178.436,-178.436,-198.044,0
23579,1.077,1.077,1.077,13.725,13.725,25.444,0
23613,2.000,-6.925,-6.925,190.193,190.193,-247.063,0
23647,1.539,1.539,1.539,19.608,19.608,19.608,0
23681,1.539,4.463,4.463,149.017,149.017,133.331,0
23715,-0.001,10.310,10.310,-164.711,-164.711,39.215,0
23749,-0.462,-0.462,-0.462,-5.890,-5.890,-25.421,0
23783,-2.001,13.234,13.234,-88.242,-88.242,239.212,0
23817,-0.924,-0.924,-0.924,-11.772,-11.772,25.337,0
23851,1.847,-14.619,-14.619,247.055,247.055,215.683,0
23885,2.770,2.770,2.770,35.294,35.294,13.809,0
23919,1.077,-4.617,-4.617,229.408,229.408,-54.909,0
23953,-0.154,7.232,7.232,-145.103,-145.103,17.647,0
23987,0.154,-0.616,-0.616,-119.614,-119.614,-115.692,0
24021,-1.847,-1.847,-1.847,-23.537,-23.537,-43.068,0
24055,-3.386,-2.770,-2.770,227.448,227.448,-137.260,0
24089,-3.694,-3.694,-3.694,-47.066,-47.066,-6.050,0
24123,-0.462,8.925,8.925,-147.064,-147.064,-186.279,0
24157,-0.616,-0.616,-0.616,-7.851,-7.851,-3.944,0
24191,-0.308,-10.157,-10.157,209.801,209.801,-131.378,0
24225,-0.616,-0.616,-0.616,-7.851,-7.851,-11.757,0
24259,-0.924,19.389,19.389,115.685,115.685,80.391,0
24293,-0.308,7.694,7.694,-194.122,-194.122,145.096,0
24327,0.308,0.308,0.308,3.922,3.922,31.265,0
24361,2.462,15.696,15.696,35.294,35.294,188.232,0
24395,2.308,2.770,2.770,-211.769,-211.769,-225.494,0
24429,2.308,2.308,2.308,29.411,29.411,9.880,0
24463,0.769,-19.543,-19.543,235.291,235.291,145.096,0
24497,-1.693,-1.693,-1.693,-21.576,-21.576,11.627,0
24531,0.769,-8.310,-8.310,-219.612,-219.612,92.155,0
24565,3.078,3.078,3.078,39.215,39.215,27.496,0
24599,2.154,-8.618,-8.618,45.097,45.097,25.490,0
24633,1.231,4.309,4.309,-129.417,-129.417,156.860,0
24667,0.616,-14.619,-14.619,-92.163,-92.163,-109.810,0
24701,-0.308,-0.308,-0.308,-3.929,-3.929,-15.648,0
24735,-1.232,9.233,9.233,88.234,88.234,17.647,0
24769,-3.232,-1.232,-1.232,-21.576,-21.576,-52.948,0
24803,-3.540,-3.540,-3.540,-45.105,-45.105,-27.527,0
24837,-2.155,-9.695,-9.695,156.860,156.860,-29.419,0
24871,-0.924,-0.924,-0.924,-11.772,-11.772,1.900,0
24905,0.000,2.924,2.924,-101.967,-101.967,-111.771,0
24939,-0.770,15.234,15.234,23.529,23.529,-21.576,0
24973,-0.154,18.466,18.466,-37.262,-37.262,-0.008,0
25007,0.308,-1.232,-1.232,-166.672,-166.672,-100.006,0
25041,0.769,0.769,0.769,9.804,9.804,31.288,0
25075,2.462,-3.848,-3.848,-58.830,-58.830,43.137,0
25109,2.154,-12.157,-12.157,201.958,201.958,-137.260,0
25143,-0.001,-0.001,-0.001,-0.008,-0.008,-3.914,0
25177,-0.308,-13.542,-13.542,-200.005,-200.005,-107.849,0
25211,1.539,1.539,1.539,19.608,19.608,44.998,0
25245,3.539,-17.081,-17.081,7.843,7.843,176.468,0
25279,5.078,15.850,15.850,-101.967,-101.967,-121.574,0
25313,2.308,2.308,2.308,29.411,29.411,7.927,0
25347,0.616,-8.002,-8.002,219.604,219.604,121.567,0
25381,-0.924,-17.235,-17.235,72.548,72.548,-168.633,0
25415,-3.848,-3.848,-3.848,-49.026,-49.026,-50.980,0
25449,-4.001,15.542,15.542,41.176,60.783,60.783,0
25483,-1.847,17.388,17.388,201.958,52.940,52.940,0
25517,-2.617,2.308,2.308,27.451,-54.909,-54.909,0
25551,-3.232,6.925,6.925,-94.124,3.922,3.922,0
25585,-0.308,3.693,3.693,121.567,-170.593,-170.593,0
25619,1.077,1.077,1.077,13.725,13.725,19.585,0
25653,1.539,-2.155,-2.155,-115.692,-170.593,-170.593,0
25687,2.924,2.924,2.924,37.254,37.254,47.020,0
25721,3.693,-9.541,-9.541,-9.811,-160.789,-160.789,0
25755,3.078,3.078,3.078,39.215,39.215,23.590,0
25789,1.847,-16.927,-16.927,205.879,188.232,188.232,0
25823,-1.232,-1.232,-1.232,-15.694,-15.694,-11.787,0
25857,-0.924,-0.924,5.115,4.158,3.922,3.922,0
25891,6.133,6.155,12.003,152.939,152.939,152.939,0
25925,1.077,3.539,7.065,90.195,90.195,90.195,0
25959,0.769,0.769,0.769,9.804,46.913,7.996,0
25993,0.616,0.616,7.386,94.116,50.980,50.980,0
26027,-0.154,-0.154,10.464,133.331,-221.573,-221.573,0
26061,-0.308,-0.308,0.154,1.961,-47.066,-47.066,0
26095,-2.155,-2.155,5.232,66.666,164.703,164.703,0
26129,-4.771,-4.771,-18.312,-233.337,29.411,29.411,0
26163,-3.848,-3.848,6.155,78.430,-15.694,-15.694,0
26197,-1.078,-1.078,-14.927,-190.201,137.253,137.253,0
26231,-1.386,-1.386,-19.082,-243.141,213.722,213.722,0
26265,-0.770,-0.770,-8.618,-109.810,207.840,207.840,0
26299,0.616,0.616,-16.927,-215.691,-115.692,-115.692,0
26333,-0.001,-0.001,8.310,105.881,-227.455,-227.455,0
26367,-0.924,-0.924,-10.772,-137.260,-103.928,-103.928,0
26401,-1.078,-1.078,17.388,221.565,198.036,198.036,0
26435,0.154,0.154,7.848,99.998,-27.458,-27.458,0
26469,1.077,1.077,-14.158,-180.397,-158.829,-158.829,0
26503,1.231,1.231,-14.927,-190.201,25.490,25.490,0
26537,0.923,0.923,-2.617,-33.340,47.058,47.058,0
26571,-0.462,-0.462,4.616,58.823,-217.651,-217.651,0
26605,0.000,0.000,-5.386,-68.634,54.901,54.901,0
26639,1.693,1.693,12.157,154.900,249.016,249.016,0
26673,1.539,1.539,-13.080,-166.672,188.232,188.232,0
26707,1.539,1.539,8.310,105.881,170.586,170.586,0
26741,0.616,0.616,-8.310,-105.888,-164.711,-164.711,0
26775,-0.616,-0.616,-15.235,-194.122,-229.416,-229.416,0
26809,-2.309,-2.309,10.156,129.410,-23.537,-23.537,0
26843,-0.462,-0.462,-7.233,-92.163,21.568,21.568,0
26877,0.462,0.462,-0.001,-0.008,-166.672,-166.672,0
26911,-0.770,-0.770,-14.004,-178.436,-105.888,-105.888,0
26945,-0.154,-0.154,10.772,137.253,188.232,188.232,0
26979,-0.154,-0.154,3.385,43.137,121.567,121.567,0
27013,-0.308,-0.308,-17.851,-227.455,-247.063,-247.063,0
27047,0.462,0.462,18.619,237.251,-241.180,-241.180,0
27081,0.769,0.769,15.234,194.115,174.507,174.507,0
27115,2.154,2.154,-19.236,-245.102,74.509,74.509,0
27149,1.385,1.385,-4.155,-52.948,-103.928,-103.928,0
27183,-0.616,-0.616,14.619,186.272,-98.045,-98.045,0
27217,-0.462,-0.462,-4.617,-58.830,-129.417,-129.417,0
27251,-0.616,-0.616,-13.542,-172.554,-50.987,-50.987,0
27285,-0.924,-0.924,-14.311,-182.358,203.918,203.918,0
27319,-0.001,-0.001,17.542,223.526,-160.789,-160.789,0
27353,-0.001,-0.001,-13.080,-166.672,198.036,198.036,0
27387,-0.462,-0.462,-4.001,-50.987,249.016,249.016,0
27421,0.000,0.000,10.618,135.292,-221.573,-221.573,0
27455,-0.462,-0.462,16.773,213.722,94.116,94.116,0
27489,-1.539,-1.539,-8.772,-111.771,121.567,121.567,0
27523,-1.693,-1.693,-15.081,-192.162,-160.789,-160.789,0
27557,-1.386,-1.386,1.231,15.686,119.606,119.606,0
27591,-1.232,-1.232,-13.542,-172.554,205.879,205.879,0
27625,-0.154,-0.154,12.310,156.860,15.686,15.686,0
27659,0.462,0.462,-5.079,-64.713,-101.967,-101.967,0
27693,0.154,0.154,-5.386,-68.634,123.528,123.528,0
27727,-0.770,-0.770,-18.466,-235.298,33.333,33.333,0
27761,0.308,0.308,14.157,180.389,111.763,111.763,0
27795,2.924,2.924,19.543,249.016,-52.948,-52.948,0
27829,2.924,2.924,-0.001,-0.008,90.195,90.195,0
27863,1.693,1.693,-13.850,-176.476,99.998,99.998,0
27897,4.291,4.155,4.155,-88.242,21.133,19.608,0
27931,-1.386,14.157,14.157,180.389,180.389,180.389,0
27965,12.573,-1.790,8.577,-32.784,13.542,11.765,0
27999,9.515,-0.423,5.976,-32.913,3.777,1.961,0
28033,5.988,2.016,5.526,-44.647,36.934,35.294,0
28067,7.202,3.246,5.224,-27.084,-25.497,-25.497,0
28101,6.587,4.164,3.695,-17.395,-15.694,-15.694,0
28135,5.197,4.465,5.535,-19.257,37.033,35.294,0
28169,8.866,7.392,7.540,-25.017,21.385,19.608,0
28203,12.246,8.324,9.229,-5.402,1.930,0.000,0
28237,11.487,7.402,8.306,6.271,-19.508,-17.654,0
28271,14.254,6.340,10.141,16.129,-33.142,-31.380,0
28305,14.104,5.420,10.291,131.371,-54.176,17.548,0
28339,9.662,9.694,9.694,123.528,-60.791,-98.045,0
28373,1.693,1.693,1.693,21.568,-19.447,-101.967,0
28407,1.077,-0.762,-3.232,34.988,203.918,203.918,0
28441,0.616,-2.144,-1.078,50.720,-113.731,-113.731,0
28475,3.231,3.231,3.231,41.176,41.176,25.551,0
28509,2.000,2.000,2.000,33.302,-205.887,-205.887,0
28543,3.231,3.231,3.231,41.176,41.176,41.176,0
28577,-0.770,-0.770,-0.770,-9.811,-9.811,-9.811,0
28611,-2.463,-2.463,-2.463,-31.380,-31.380,9.636,0
28645,0.616,0.616,0.616,7.843,7.843,7.843,0
28679,2.616,2.616,2.616,33.333,33.333,33.333,0
28713,1.847,1.847,1.847,23.529,23.529,13.763,0
28747,1.077,1.077,1.077,13.725,13.725,15.678,0
28781,1.231,-18.158,4.834,-162.750,-162.750,-162.750,0
28815,-5.233,-5.233,-5.233,-66.673,-66.673,-66.673,0
28849,-2.463,-2.463,-2.463,-31.380,-31.380,137.253,0
28883,-4.001,7.954,6.315,80.391,-5.547,-0.008,0
28917,-3.386,9.796,-0.462,-5.890,207.840,207.840,0
28951,10.255,10.156,10.925,22.026,21.568,-31.166,0
28985,13.173,5.416,9.984,20.027,-21.408,-19.615,0
29019,10.733,2.188,9.359,21.950,-44.838,-43.144,0
29053,4.460,1.090,6.902,14.015,-33.150,-31.380,0
29087,3.991,-1.057,6.893,27.679,-5.753,-3.929,0
29121,3.221,-2.133,5.050,21.729,-35.072,-33.340,0
29155,0.008,-1.993,4.437,54.901,-40.802,15.465,0
29189,1.077,1.077,1.077,29.350,139.214,-1.411,0
29223,-0.001,-0.001,-0.001,239.212,239.212,239.212,0
29257,3.980,-11.234,-4.309,-54.909,-54.909,-54.909,0
29291,-3.540,-3.540,9.796,-160.789,-160.789,-160.789,0
29325,11.022,10.925,12.458,-56.023,-54.909,-54.909,0
29359,-0.154,-0.154,-0.154,-1.968,-1.968,-1.968,0
29393,0.000,0.000,0.000,0.000,0.000,131.371,0
29427,6.895,3.858,6.146,-42.664,42.801,41.176,0
29461,9.343,5.401,4.619,-27.115,23.331,21.568,0
29495,7.047,4.779,4.924,-15.381,19.470,17.647,0
29529,7.355,4.780,4.004,-5.661,9.743,7.843,0
29563,11.039,6.174,6.615,-3.578,-5.875,-5.890,0
29597,11.806,8.017,8.308,17.990,-13.603,-11.772,0
29631,0.308,0.308,0.308,3.922,3.922,3.922,0
29665,1.385,1.385,13.234,168.625,168.625,-198.044,0
29699,3.385,2.619,-14.619,-186.279,86.273,86.273,0
29733,2.770,2.770,2.770,11.765,-121.574,-121.574,0
29767,0.308,0.308,0.308,3.922,3.922,3.922,0
29801,-0.770,-0.770,-0.770,-52.948,190.193,190.193,0
29835,-0.616,-0.616,-0.616,-7.851,-7.851,-7.851,0
29869,-16.620,-16.620,-13.080,211.761,211.761,211.761,0
29903,1.539,1.539,1.539,19.608,19.608,19.608,0
29937,0.000,0.000,0.000,0.000,0.000,0.000,0
29971,-1.232,-1.232,-1.232,-15.694,-15.694,-15.694,0
30005,-1.847,-1.847,-1.847,-23.537,-23.537,-23.537,0
30039,-0.770,-0.770,-0.770,-9.811,-9.811,-9.811,0
30073,2.154,2.154,2.154,-178.436,88.234,88.234,0
30107,1.231,1.077,1.077,13.725,-43.144,-43.144,0
30141,0.154,0.154,0.154,1.961,1.961,1.961,0
30175,5.078,5.078,5.078,64.705,64.705,64.705,0
30209,-0.616,-0.616,-0.616,199.997,199.997,199.997,0
30243,-2.155,-2.155,4.589,-60.791,5.615,-25.375,0
30277,13.941,13.849,13.849,50.980,50.980,-21.286,0
30311,-1.539,-1.539,-1.539,-19.615,-17.662,-17.654,0
30345,-0.616,-0.616,-0.616,-7.851,-7.851,-7.851,0
30379,-0.616,-0.616,-0.616,13.634,11.765,11.765,0
30413,1.539,1.539,9.509,96.077,96.077,25.764,0
30447,4.760,-0.748,6.128,29.594,29.411,29.411,0
30482,0.462,-4.463,-4.463,166.664,129.410,129.410,0
30516,2.000,2.000,2.000,25.490,-62.401,-60.791,0
30550,0.923,0.923,0.923,11.765,11.765,11.765,0
30584,2.000,2.000,2.000,25.490,25.490,25.490,0
30618,2.602,-3.209,6.579,-3.586,1.938,0.000,0
30652,3.218,3.078,-2.617,-33.340,-33.340,-233.337,0
30686,6.744,6.617,9.820,125.488,125.488,-28.168,0
30720,-2.155,-2.768,10.753,137.253,49.362,-7.622,0
30754,8.581,8.463,6.641,84.312,-178.436,-178.436,0
30788,0.462,0.155,8.347,9.804,9.804,9.804,0
30822,2.000,-0.308,2.154,-1.846,-0.008,74.211,0
30856,5.694,1.708,1.693,21.568,21.568,21.568,0
30890,-0.154,-0.154,4.597,52.940,52.940,-39.375,0
30924,-3.078,3.053,4.610,58.823,-96.085,-96.085,0
30958,-2.001,4.437,8.601,2.380,-13.664,-39.116,0
30992,-3.078,-3.078,-3.078,-227.455,-227.455,66.666,0
31026,-4.001,-4.001,18.004,229.408,17.570,15.686,0
31060,2.000,2.000,2.000,54.901,54.901,5.882,0
31094,4.463,1.397,8.729,109.802,109.802,109.802,0
31128,0.462,0.462,1.231,15.686,135.292,135.292,0
31162,2.924,2.924,15.388,196.075,-178.436,-178.436,0
31196,-1.539,12.772,12.772,-235.298,-235.298,117.645,0
31230,-1.847,-4.463,-4.463,-109.810,-109.810,-170.593,0
31264,0.769,3.385,3.385,-162.750,-162.750,-15.694,0
31298,-3.848,-3.848,-10.464,-133.339,198.036,198.036,0
31332,-1.539,19.081,19.081,-168.633,-168.633,-119.614,0
31366,-2.463,3.078,3.078,98.038,98.038,1.961,0
31400,10.310,10.310,-17.851,-227.455,-96.085,-96.085,0
31434,0.616,0.616,0.616,0.000,0.000,0.000,0
31468,0.308,0.308,0.308,3.922,3.922,8.278,0
31502,6.001,6.001,15.542,198.036,211.761,211.761,0
31536,-7.233,-7.233,18.619,237.251,31.372,31.372,0
31571,2.924,2.924,8.925,113.724,247.055,-30.289,0
31605,-2.309,-16.774,-16.774,-70.595,-70.595,-50.987,0
31639,-2.617,-2.617,-2.617,13.741,13.725,13.725,0
31673,0.154,14.465,14.465,166.664,166.664,78.430,0
31707,-0.616,5.295,5.692,23.720,-21.393,-100.006,0
31741,-1.693,-1.693,0.462,31.273,31.372,-166.672,0
31775,-0.616,-0.616,-0.616,-7.851,-7.851,60.783,0
31809,1.077,1.077,1.077,37.163,37.254,243.134,0
31843,3.839,3.847,-13.542,32.524,31.372,44.144,0
31877,3.385,11.541,11.541,188.232,188.232,-229.416,0
31911,7.694,7.694,7.694,198.036,198.036,198.036,0
31945,3.847,3.847,3.847,49.019,49.019,49.019,0
31979,-17.851,-17.851,2.000,25.490,25.490,25.490,0
32013,0.000,0.000,0.000,0.000,0.000,0.000,0
32047,15.850,15.850,15.850,201.958,201.958,201.958,0
32081,-1.539,-1.539,-1.539,-19.615,-19.615,-160.789,0
32115,-1.539,-1.539,-1.539,-19.615,-19.615,-19.615,0
32149,-0.001,-0.001,-0.001,-0.008,-0.008,-0.008,0
32183,-2.309,-2.309,-2.309,-29.419,-29.419,-29.419,0
32217,0.000,0.000,4.598,-231.377,-229.416,-229.416,0
32251,2.308,2.308,2.308,29.411,29.411,29.411,0
32285,-2.155,-2.155,-2.155,-27.458,-27.458,-5.974,0
32319,-0.462,-0.462,-0.462,-5.890,-5.890,-5.890,0
32353,-7.387,-7.387,3.649,180.389,-70.595,-70.595,0
32387,0.462,1.535,1.539,19.608,19.608,19.608,0
32421,2.308,2.308,2.308,29.411,29.411,29.411,0
32455,-0.616,-0.616,-0.616,-7.851,-7.851,-7.851,0
32489,-1.539,-1.539,-1.539,-19.615,-19.615,-19.615,0
32523,-0.616,-0.616,-0.616,-7.851,-7.851,-7.851,0
32557,-0.154,-0.154,-0.154,-1.968,-1.968,-1.968,0
32591,0.769,0.769,0.769,9.804,9.804,9.804,0
32625,-5.079,-5.079,14.465,184.311,184.311,184.311,0
32659,1.539,1.539,1.539,19.608,19.608,19.608,0
32693,-8.926,-8.926,8.617,109.802,109.802,109.802,0
32727,6.284,6.155,6.155,78.430,78.430,78.430,0
32761,-2.924,-2.924,-2.924,-37.262,-37.262,-37.262,0
32795,-2.309,-2.309,16.157,205.879,205.879,205.879,0
32829,3.385,3.385,3.385,43.137,43.137,43.137,0
32863,1.077,1.077,4.143,-32.997,149.017,149.017,0
32897,-1.693,-1.693,-1.693,-21.576,-21.576,-21.576,0
32931,-10.311,-10.311,1.952,0.092,0.000,0.000,0
32965,1.539,1.539,1.999,-207.848,-207.848,-207.848,0
32999,-2.001,-2.001,-2.001,-25.497,-25.497,-25.497,0
33033,-2.617,-2.617,6.120,-0.565,-98.045,-98.045,0
33067,0.000,0.000,0.000,0.000,0.000,0.000,0
33101,-6.002,-6.002,-6.002,-98.045,-98.045,-98.045,0
33135,-1.386,-1.386,-1.386,-17.654,-17.654,-17.654,0
33169,2.924,2.924,2.924,37.254,37.254,54.832,0
33203,4.309,4.309,4.309,54.901,54.901,-1.740,0
33237,-0.001,0.919,0.769,9.804,9.804,9.804,0
33271,6.270,-0.436,5.210,23.689,-27.252,11.612,0
33305,0.769,0.769,3.528,182.350,182.350,182.350,0
33339,0.616,0.616,0.616,7.843,7.843,7.843,0
33373,-0.770,-0.770,-0.770,9.720,-1.923,-0.008,0
33407,1.539,1.539,1.539,19.608,19.608,19.608,0
33441,-14.465,-14.465,-2.001,-25.497,-25.497,-25.497,0
33475,-0.616,-0.616,-0.616,-7.851,-7.851,-7.851,0
33509,-1.078,-1.078,-1.078,-13.733,-13.733,23.376,0
33543,-16.927,-16.927,2.770,35.294,35.294,35.294,0
33577,0.616,0.616,0.616,7.843,7.843,7.843,0
33611,-0.616,-0.616,7.242,-19.363,115.685,-9.315,0
33645,6.741,2.172,5.527,-9.491,29.259,27.451,0
33679,5.365,2.933,5.223,0.259,39.062,39.215,0
33713,7.503,2.941,3.997,17.776,17.647,17.647,0
33747,11.485,4.183,5.228,-3.647,1.938,0.000,0
33781,14.099,6.032,6.155,0.305,-7.812,-5.890,0
33815,13.795,6.032,7.381,4.272,0.015,0.000,0
33849,18.084,3.902,10.898,10.307,-13.634,-11.772,0
33883,16.408,2.057,8.898,8.255,-56.610,-54.909,0
33917,0.923,-7.079,-7.079,-90.202,-90.202,-109.810,0
33951,-2.463,6.771,6.771,21.568,21.568,-174.515,0
33985,-2.617,-19.082,-19.082,-76.477,-76.477,233.330,0
34019,0.154,0.154,4.907,13.916,-5.806,-8.835,0
34053,-0.616,2.924,2.924,-98.045,-98.045,176.468,0
34087,0.308,8.463,8.463,72.548,72.548,-113.731,0
34121,1.231,-0.924,-0.924,190.193,190.193,237.251,0
34155,0.154,8.925,8.925,205.879,205.879,111.763,0
34189,-1.539,-19.082,-19.082,-115.692,-115.692,174.507,0
34223,0.923,0.923,10.378,-22.926,-0.092,41.946,0
34257,3.231,7.078,7.078,158.821,158.821,164.703,0
34291,0.769,-5.233,-5.233,-3.929,-3.929,-135.300,0
34325,0.462,-14.619,-14.619,123.528,123.528,-147.064,0
34359,2.308,2.308,2.308,29.411,29.411,2.068,0
34393,0.154,11.849,11.849,-141.182,-141.182,-98.045,0
34427,-2.463,-2.463,-2.463,-31.380,-31.380,-33.333,0
34461,-2.617,-6.002,-6.002,-174.515,-174.515,-213.730,0
34495,-0.770,-0.770,-0.770,-9.811,-9.811,-27.390,0
34529,-2.155,-14.311,-14.311,207.840,207.840,141.174,0
34563,-1.693,-1.693,-1.693,-21.576,-21.576,17.487,0
34597,1.231,-10.003,-10.003,-231.377,-231.377,33.333,0
34631,2.000,2.000,2.000,25.490,25.490,13.771,0
34665,1.077,2.308,2.308,-68.634,-68.634,60.783,0
34699,0.154,-4.463,-4.463,-168.633,-168.633,25.490,0
34733,2.462,2.462,2.462,31.372,31.372,-3.784,0
34767,3.064,2.924,-18.158,-231.377,-231.377,141.174,0
34801,-0.616,12.464,12.464,-237.259,-237.259,-125.496,0
34835,0.462,0.462,0.462,5.882,5.882,-1.930,0
34869,-0.001,-0.001,-7.233,-2.319,33.188,-16.975,0
34903,7.965,-4.261,-15.542,-12.321,40.962,39.215,0
34937,0.000,0.000,8.890,-19.089,21.408,15.701,0
34971,1.231,1.231,9.079,-17.128,-80.399,-80.399,0
35005,0.308,2.308,2.308,29.411,35.271,35.294,0
35039,6.589,2.324,4.761,60.783,21.721,-215.691,0
35073,0.616,3.221,4.151,-9.560,5.821,217.644,0
35107,0.154,4.139,3.848,0.191,13.672,-17.654,0
35141,-3.232,4.892,5.690,12.001,3.952,190.193,0
35175,-2.001,6.429,7.995,-1.556,-13.680,133.331,0
35209,-0.154,5.977,9.986,-1.457,-7.820,27.451,0
35243,-0.001,4.445,8.907,10.208,-7.774,58.823,0
35277,0.923,2.150,10.125,10.269,-33.165,182.350,0
35311,3.693,0.934,7.974,0.397,-37.109,-213.730,0
35345,1.385,1.385,7.823,99.998,99.998,99.998,0
35379,-0.924,-3.694,-3.694,-86.281,-86.281,-184.319,0
35413,-0.154,-0.154,-0.154,3.296,1.961,1.961,0
35447,-0.154,-17.389,-17.389,-198.044,-198.044,-207.848,0
35481,0.000,0.000,0.000,5.447,-25.375,7.713,0
35515,0.462,0.462,-12.311,-156.868,-117.653,-117.653,0
35549,-0.616,-0.616,-8.310,-105.888,247.055,247.055,0
35583,-2.463,-2.463,7.694,98.038,31.372,31.372,0
35617,-1.693,-1.693,10.464,133.331,-111.771,-111.771,0
35651,0.154,0.154,-3.232,-41.183,33.333,33.333,0
35685,1.231,1.231,-10.464,-133.339,-50.987,-50.987,0
35719,0.923,0.923,6.605,-13.344,25.337,23.529,0
35753,8.590,1.873,6.905,-13.329,13.618,27.390,0
35787,9.665,9.694,6.476,82.352,12.039,107.841,0
35822,1.385,1.385,1.385,166.664,-125.496,-10.262,0
35856,-5.694,-5.694,4.924,62.744,99.998,99.998,0
35890,-2.155,7.386,7.386,33.333,33.333,-172.554,0
35924,-0.616,-0.616,5.784,4.189,3.922,17.593,0
35958,1.385,2.458,16.773,14.503,-1.900,147.057,0
35992,2.924,2.924,2.924,-131.378,-131.378,-131.378,0
36026,10.576,2.770,2.770,35.294,35.294,35.294,0
36060,-1.539,-1.539,-1.539,-19.615,-19.615,-19.615,0
36094,-0.770,-0.770,-0.770,-9.811,-31.296,-31.380,0
36128,-0.770,-0.770,-0.770,-35.301,-35.301,-35.301,0
36162,-1.386,-1.386,-1.386,-17.654,-17.654,-25.467,0
36196,-2.001,-5.220,6.264,12.024,-29.251,199.997,0
36230,-1.693,-5.372,5.956,-7.523,-23.468,68.626,0
36264,-2.463,-4.762,4.273,4.112,33.218,33.333,0
36298,-2.770,-2.770,9.952,125.488,57.129,56.862,0
36332,0.308,8.925,8.925,-78.438,-78.438,180.389,0
36366,2.308,13.541,13.541,-11.772,-11.772,133.331,0
36400,3.231,-9.387,-9.387,239.212,239.212,-13.733,0
36434,2.462,14.926,14.926,-23.537,-23.537,137.253,0
36468,2.000,-5.079,-5.079,96.077,96.077,23.529,0
36502,5.983,6.001,3.279,41.176,-223.534,-223.534,0
36536,-2.463,1.727,1.693,-49.026,-2.151,-1.968,0
36570,-1.539,-1.539,8.117,-245.102,-245.102,-245.102,0
36604,-1.386,-1.386,9.038,-11.276,231.369,231.369,0
36638,-0.462,-0.462,-0.462,-5.890,-5.890,17.548,0
36672,1.231,1.231,1.231,15.686,156.860,156.860,0
36706,2.154,2.154,2.154,27.451,27.451,27.451,0
36740,-12.311,-12.311,-12.311,-156.868,-156.868,-156.868,0
36774,-2.770,-2.770,-2.770,-35.301,-35.301,-70.595,0
36808,-1.232,-1.232,-1.232,-15.694,-15.694,-215.691,0
36842,-0.004,-0.001,0.000,-60.791,-60.791,31.372,0
36876,-0.770,-0.770,-0.770,-9.811,-249.023,199.997,0
36910,-11.542,-11.542,19.543,249.016,99.998,99.998,0
36944,0.154,11.079,11.079,-196.083,-196.083,131.371,0
36978,-0.308,18.466,18.466,147.057,147.057,-164.711,0
37012,-1.078,1.847,1.847,-92.163,-92.163,-237.259,0
37046,17.696,17.696,4.924,62.744,-223.534,-223.534,0
37080,0.000,-14.004,-14.004,-92.163,-92.163,129.410,0
37114,2.000,0.774,5.403,-123.535,7.324,5.882,0
37148,2.770,3.076,3.078,39.215,39.215,39.215,0
37182,0.616,0.616,0.616,141.174,141.174,141.174,0
37216,-0.770,2.755,2.616,33.333,33.333,33.333,0
37250,-2.617,5.201,8.675,-31.380,21.355,221.565,0
37284,14.702,14.619,14.619,10.490,-11.681,101.959,0
37318,-0.001,7.357,10.605,22.011,21.568,25.475,0
37352,2.000,-0.154,-0.154,113.724,113.724,152.939,0
37386,-0.616,-11.542,-11.542,168.625,168.625,-217.651,0
37420,-2.309,-2.309,-2.309,-29.419,-29.419,-17.700,0
37454,-1.386,10.464,10.464,-1.968,-1.968,78.430,0
37488,-0.462,15.080,15.080,-203.926,111.763,111.763,0
37522,-0.308,-0.308,-0.308,-3.929,-3.929,11.696,0
37556,0.769,2.616,2.616,199.997,-80.399,-80.399,0
37590,2.616,-7.848,-7.848,-168.633,-221.573,-221.573,0
37624,1.693,1.693,1.693,4.814,3.922,3.922,0
37658,-1.539,7.540,7.540,190.193,190.193,-11.772,0
37692,-2.155,1.231,1.231,31.372,31.372,229.408,0
37726,1.385,-8.618,-8.618,-156.868,-156.868,243.134,0
37760,2.154,2.154,2.154,-18.616,-17.654,-17.654,0
37794,2.000,-18.312,-18.312,-47.066,-47.066,11.765,0
37828,1.077,1.077,1.077,-14.992,-13.733,-13.733,0
37862,0.616,0.923,0.923,-52.948,-52.948,-149.025,0
37896,-0.924,18.773,18.773,209.801,209.801,-50.987,0
37930,-0.924,-0.924,-0.924,70.587,70.587,72.548,0
37964,15.939,15.850,7.497,94.116,-21.828,-2.045,0
37998,17.473,7.732,8.307,4.318,-21.469,-19.615,0
38032,13.486,5.264,8.604,12.146,-13.626,-11.772,0
38066,9.956,2.951,8.135,12.123,-13.626,-11.772,0
38100,7.502,0.335,7.205,23.796,-27.252,-25.497,0
38134,3.673,-1.519,5.359,21.744,-48.744,-47.066,0
38168,1.838,-2.139,5.816,19.814,-31.174,-29.419,0
38202,2.764,-3.515,2.899,27.481,-46.768,-45.105,0
38236,2.000,-3.671,3.051,11.864,-48.782,-47.066,0
38270,1.690,-4.285,4.888,-3.670,-7.828,-7.851,0
38304,5.518,-3.964,6.116,-3.609,42.953,41.176,0
38338,7.346,-2.578,6.428,-23.125,64.362,62.744,0
38372,8.115,-0.429,7.969,-40.627,64.293,62.744,0
38406,7.822,-1.042,7.507,-25.024,58.495,56.862,0
38440,7.977,0.031,8.124,-26.939,38.956,37.254,0
38474,9.052,2.028,8.898,-13.229,35.103,33.333,0
38508,9.974,2.185,6.599,-3.578,13.657,11.765,0
38542,8.438,2.485,5.681,-5.577,-3.929,-3.929,0
38576,8.587,0.800,6.288,8.125,-1.923,-0.008,0
38610,9.654,2.949,7.062,6.210,-3.883,-1.968,0
38644,10.720,4.793,6.303,6.172,-11.696,-9.811,0
38678,12.565,4.953,5.997,8.110,-37.079,-35.301,0
38712,15.026,2.818,7.828,10.155,-15.587,-13.733,0
38746,12.270,2.347,7.673,10.147,-3.868,-1.968,0
38780,11.188,2.496,7.674,14.053,-13.618,-11.772,0
38814,9.197,1.875,6.292,15.938,-33.142,-31.380,0
38848,4.757,4.770,-8.464,-107.849,-133.339,62.744,0
38882,0.000,0.000,0.000,-225.494,-225.494,92.155,0
38916,-1.847,-1.847,-1.847,243.134,243.134,-131.378,0
38950,-2.001,-2.001,-10.464,-133.339,-133.339,-133.339,0
38984,-0.462,-0.462,-0.462,21.568,21.568,-74.516,0
39018,-0.308,-0.308,-0.308,-188.240,-188.240,-111.771,0
39052,0.154,0.154,-4.771,-60.791,-60.791,-60.791,0
39086,1.231,1.231,1.231,-15.694,-15.694,31.372,0
39120,1.693,1.693,1.693,-27.458,-27.458,-0.008,0
39154,7.213,-0.278,-7.233,-92.163,0.160,0.000,0
39188,-10.464,-10.464,17.542,223.526,184.311,184.311,0
39222,1.539,7.694,7.694,156.860,156.860,215.683,0
39256,-9.849,-9.849,-2.309,-29.419,150.978,150.978,0
39290,-0.001,18.158,18.158,227.448,227.448,-72.556,0
39324,-0.616,7.540,7.540,-3.929,-3.929,207.840,0
39358,-8.926,-8.926,-8.156,-103.928,-164.711,-164.711,0
39392,0.462,1.539,1.539,-56.870,-56.870,205.879,0
39426,15.080,15.080,16.004,203.918,-84.320,-84.320,0
39460,-2.155,3.231,3.231,9.804,9.804,-105.888,0
39494,-14.004,-14.004,-8.002,-101.967,-100.006,-100.006,0
39528,-1.693,19.389,19.389,15.686,15.686,-188.240,0
39562,-6.617,-6.617,-3.694,-47.066,-131.378,-131.378,0
39596,-0.154,14.003,14.003,-133.339,-133.339,37.254,0
39630,-0.616,0.462,0.462,-182.358,-182.358,-58.830,0
39664,-1.078,-14.619,-14.619,64.705,64.705,-205.887,0
39698,-2.155,-9.233,-9.233,27.451,27.451,117.645,0
39732,-0.001,-0.001,-15.235,-194.122,-249.023,-249.023,0
39766,1.231,-19.543,-19.543,170.586,170.586,-239.220,0
39800,1.077,5.540,5.540,103.920,103.920,86.273,0
39834,9.387,9.387,6.001,76.469,-80.399,-80.399,0
39868,-8.926,-8.926,-7.541,-96.085,-50.987,-50.987,0
39902,1.077,0.923,0.923,52.940,52.940,188.232,0
39936,7.694,7.694,-5.540,-70.595,-178.436,-178.436,0
39970,0.000,4.924,4.924,105.881,105.881,117.645,0
40004,-11.542,-11.542,4.309,54.901,-237.259,-237.259,0
40038,-0.616,15.850,15.850,194.115,194.115,60.783,0
40072,-11.234,-11.234,-7.387,-94.124,41.176,41.176,0
40106,3.539,-4.617,-4.617,119.606,119.606,47.058,0
40140,18.158,18.158,-11.234,-143.143,-80.399,-80.399,0
40174,-1.693,3.539,3.539,84.312,84.312,-143.143,0
40208,-10.772,-10.772,0.769,9.804,98.038,98.038,0
40242,0.000,0.000,12.310,156.860,111.763,111.763,0
40276,14.311,14.311,-10.003,-127.457,-5.890,-5.890,0
40310,2.308,-18.620,-18.620,33.333,33.333,-200.005,0
40344,0.616,16.311,16.311,-37.262,-37.262,-162.750,0
40378,0.308,-15.542,-15.542,-219.612,-219.612,-41.183,0
40412,-0.924,15.234,15.234,62.744,62.744,-37.262,0
40446,-19.236,-19.236,4.770,60.783,99.998,99.998,0
40480,-0.924,-0.924,-15.081,-192.162,-194.122,-194.122,0
40514,0.308,-1.078,-1.078,123.528,123.528,37.254,0
40548,-18.928,-18.928,10.925,139.214,-135.300,-135.300,0
40582,0.462,6.771,6.771,58.823,58.823,113.724,0
40616,-6.771,-6.771,17.235,219.604,-245.102,-245.102,0
40650,-0.154,1.231,1.231,219.604,219.604,-121.574,0
40684,14.772,14.772,5.694,72.548,-164.711,-164.711,0
40718,-3.078,-10.311,-10.311,98.038,98.038,227.448,0
40752,-0.462,6.463,6.463,76.469,76.469,-121.574,0
40786,18.927,18.927,17.081,217.644,-158.829,-158.829,0
40820,1.077,0.769,0.769,150.978,150.978,5.882,0
40854,15.696,15.696,10.618,135.292,-241.180,-241.180,0
40888,2.924,-11.234,-11.234,-58.830,-58.830,-158.829,0
40922,2.462,-6.156,-6.156,103.920,103.920,-194.122,0
40956,0.923,-12.311,-12.311,-198.044,-198.044,-156.868,0
40990,-2.617,15.696,15.696,-188.240,-188.240,-158.829,0
41024,-2.001,-12.773,-12.773,-103.928,-103.928,-237.259,0
41058,-1.078,-1.078,-1.078,41.176,41.176,98.038,0
41092,-2.770,-2.770,-12.927,-164.711,88.234,88.234,0
41126,-0.308,7.386,7.386,-225.494,-225.494,-70.595,0
41160,2.308,-14.773,-14.773,-56.870,-56.870,-33.340,0
41194,3.078,5.232,5.232,-182.358,-182.358,-76.477,0
41228,-6.310,-6.310,4.770,60.783,-137.260,-137.260,0
41262,1.539,-5.694,-5.694,239.212,239.212,58.823,0
41296,3.847,3.847,11.387,145.096,166.664,166.664,0
41330,14.311,14.311,0.616,7.843,27.451,27.451,0
41364,8.771,8.771,8.156,103.920,135.292,135.292,0
41398,-5.079,-5.079,10.156,129.410,66.666,66.666,0
41432,-10.003,-10.003,18.004,229.408,123.528,123.528,0
41466,-0.924,-4.925,-4.925,119.606,119.606,-9.811,0
41500,-0.154,-0.154,-19.389,-247.063,231.369,231.369,0
41534,-0.001,-1.539,-1.539,31.372,31.372,-192.162,0
41568,-5.079,-5.079,10.156,129.410,-109.810,-109.810,0
41602,-1.232,6.463,6.463,35.294,35.294,178.429,0
41636,11.079,11.079,-3.386,-43.144,37.254,37.254,0
41670,-9.849,-9.849,-19.389,-247.063,247.055,247.055,0
41704,0.769,6.001,6.001,-225.494,-225.494,94.116,0
41738,4.924,4.924,-17.851,-227.455,-147.064,-147.064,0
41772,1.077,-17.543,-17.543,119.606,119.606,-1.968,0
41806,-0.462,5.078,5.078,-225.494,-225.494,7.843,0
41840,-4.155,-4.155,-1.078,-13.733,-225.494,-225.494,0
41874,0.769,-3.232,-3.232,-162.750,-162.750,-237.259,0
41908,0.923,-17.543,-17.543,90.195,90.195,-23.537,0
41942,-19.389,-19.389,16.773,213.722,-162.750,-162.750,0
41976,-0.924,-18.774,-18.774,92.155,92.155,-5.890,0
42010,12.310,12.310,-19.236,-245.102,64.705,64.705,0
42044,-0.308,-17.081,-17.081,-233.337,-233.337,-223.534,0
42078,0.308,-3.694,-3.694,-143.143,-143.143,-78.438,0
42112,-0.154,11.233,11.233,-23.537,-23.537,84.312,0
42146,14.157,14.157,11.541,147.057,-215.691,-215.691,0
42180,-1.078,16.927,16.927,-105.888,-105.888,17.647,0
42214,-1.078,13.388,13.388,-25.497,-25.497,-117.653,0
42248,-1.232,4.616,4.616,241.173,241.173,205.879,0
42282,14.311,14.311,-18.466,-235.298,84.312,84.312,0
42316,2.000,13.849,13.849,35.294,35.294,219.604,0
42350,-19.543,-19.543,15.850,201.958,-174.515,-174.515,0
42384,0.769,-11.849,-11.849,188.232,188.232,-64.713,0
42418,0.000,7.078,7.078,233.330,233.330,15.686,0
42452,15.080,15.080,5.386,68.626,194.115,194.115,0
42486,-5.848,-5.848,15.388,196.075,-145.103,-145.103,0
42520,-2.770,-9.695,-9.695,154.900,154.900,192.154,0
42554,-1.078,19.543,19.543,217.644,217.644,190.193,0
42588,0.462,19.389,19.389,115.685,115.685,129.410,0
42622,-3.386,-3.386,-1.232,-15.694,-149.025,-149.025,0
42656,0.308,2.154,2.154,-164.711,-164.711,194.115,0
42690,-14.311,-14.311,-15.696,-200.005,-109.810,-109.810,0
42724,0.769,-12.003,-12.003,-141.182,-141.182,-19.615,0
42758,0.616,2.924,2.924,115.685,115.685,27.451,0
42792,18.773,18.773,19.235,245.094,-5.890,-5.890,0
42826,-7.387,-7.387,-13.388,-170.593,-213.730,-213.730,0
42860,-1.539,-1.232,-1.232,247.055,247.055,-125.496,0
42894,-1.232,5.847,5.847,-27.458,-27.458,-203.926,0
42928,-7.541,-7.541,4.309,54.901,-72.556,-72.556,0
42962,2.770,2.770,6.617,84.312,-227.455,-227.455,0
42996,-17.235,-17.235,3.231,41.176,31.372,31.372,0
43030,-1.232,-1.232,15.696,199.997,158.821,158.821,0
43064,-0.308,17.850,17.850,43.137,43.137,-200.005,0
43098,-14.619,-14.619,-10.926,-139.221,-139.221,-139.221,0
43132,1.847,14.465,14.465,-178.436,-178.436,247.055,0
43166,1.385,-11.695,-11.695,158.821,158.821,-229.416,0
43200,0.616,11.233,11.233,1.961,1.961,-115.692,0
43234,16.311,16.311,-12.927,-164.711,-78.438,-78.438,0
43268,-0.924,-5.079,-5.079,199.997,199.997,-150.986,0
43302,-2.155,15.234,15.234,107.841,107.841,225.487,0
43336,-2.001,3.078,3.078,-103.928,-103.928,-80.399,0
43370,0.000,2.770,2.770,50.980,50.980,-205.887,0
43404,-7.233,-7.233,7.078,90.195,-131.378,-131.378,0
43438,0.616,-2.155,-2.155,-133.339,-133.339,176.468,0
43472,0.000,9.079,9.079,123.528,123.528,-68.634,0
43506,8.925,8.925,-19.389,-247.063,154.900,154.900,0
43540,-0.616,-19.236,-19.236,-223.534,-223.534,190.193,0
43574,-1.078,-11.849,-11.849,209.801,209.801,-205.887,0
43608,-2.617,-19.543,-19.543,-80.399,-80.399,47.058,0
43642,-2.309,-6.617,-6.617,-147.064,-147.064,-141.182,0
43676,-1.232,-18.928,-18.928,-201.965,-201.965,-7.851,0
43710,-1.847,13.388,13.388,-9.811,-9.811,15.686,0
43744,-16.158,-16.158,12.003,152.939,-13.733,-13.733,0
43778,1.847,16.004,16.004,54.901,54.901,-123.535,0
43812,12.772,12.772,12.003,152.939,-88.242,-88.242,0
43846,1.539,16.465,16.465,-90.202,-90.202,-172.554,0
43880,-1.386,-0.308,-0.308,178.429,178.429,-58.830,0
43914,-3.078,17.542,17.542,241.173,241.173,-188.240,0
43948,-1.693,1.077,1.077,-156.868,-156.868,131.371,0
43982,1.693,-2.617,-2.617,27.451,27.451,176.468,0
44016,15.850,15.850,-16.774,-213.730,-147.064,-147.064,0
44050,0.769,-11.849,-11.849,-115.692,-115.692,-231.377,0
44084,0.308,-13.388,-13.388,-129.417,-129.417,107.841,0
44118,3.693,1.385,1.385,-43.144,-43.144,225.487,0
44152,-10.464,-10.464,10.156,129.410,184.311,184.311,0
44186,-0.616,-10.157,-10.157,-5.890,-5.890,211.761,0
44220,-0.924,5.078,5.078,-115.692,-115.692,-121.574,0
44254,0.616,-19.543,-19.543,141.174,141.174,-164.711,0
44288,0.616,7.232,7.232,11.765,11.765,94.116,0
44322,-16.466,-16.466,7.694,98.038,-76.477,-76.477,0
44356,-2.001,1.385,1.385,-245.102,-245.102,-37.262,0
44390,0.462,-6.002,-6.002,-200.005,-200.005,143.135,0
44424,1.231,-12.157,-12.157,107.841,107.841,115.685,0
44458,0.616,-8.002,-8.002,207.840,207.840,113.724,0
44492,-4.463,-4.463,-5.694,-72.556,50.980,50.980,0
44526,0.154,0.154,13.541,172.546,-145.103,-145.103,0
44560,4.155,8.771,8.771,107.841,107.841,137.253,0
44594,-13.542,-13.542,-13.542,-172.554,-115.692,-115.692,0
44628,-3.540,-16.466,-16.466,-37.262,-37.262,209.801,0
44662,-2.463,-6.310,-6.310,-241.180,-241.180,-225.494,0
44696,-0.924,14.772,14.772,-64.713,-64.713,-243.141,0
44730,0.462,-3.386,-3.386,52.940,52.940,41.176,0
44764,-6.464,-6.464,18.158,231.369,-56.870,-56.870,0
44798,2.308,10.464,10.464,-58.830,-58.830,-137.260,0
44832,1.539,-16.004,-16.004,-147.064,-147.064,9.804,0
44866,1.539,11.541,11.541,135.292,135.292,-156.868,0
44900,-1.232,-17.851,-17.851,52.940,52.940,54.901,0
44934,2.616,2.616,-16.620,-211.769,113.724,113.724,0
44968,-2.155,9.541,9.541,198.036,198.036,76.469,0
45002,17.696,17.696,-4.001,-50.987,99.998,99.998,0
45036,-17.235,-17.235,-3.540,-45.105,-229.416,-229.416,0
45070,-2.001,7.078,7.078,170.586,170.586,-33.340,0
45104,2.462,2.462,-11.388,-145.103,50.980,50.980,0
45138,4.001,4.001,15.234,194.115,-90.202,-90.202,0
45172,5.386,5.386,17.542,223.526,15.686,15.686,0
45206,-4.925,-4.925,-15.696,-200.005,-170.593,-170.593,0
45240,1.385,10.002,10.002,45.097,45.097,-5.890,0
45274,9.387,9.387,-0.154,-1.968,190.193,190.193,0
45308,18.158,18.158,6.617,84.312,-13.733,-13.733,0
45342,0.308,0.308,16.927,215.683,-29.419,-29.419,0
45376,-17.543,-17.543,17.850,227.448,78.430,78.430,0
45410,-2.770,19.543,19.543,180.389,180.389,-35.301,0
45444,-1.693,-8.310,-8.310,-27.458,-27.458,-147.064,0
45478,-0.616,-14.465,-14.465,58.823,58.823,-192.162,0
45512,1.077,12.157,12.157,-33.340,-33.340,29.411,0
45546,4.155,4.155,-19.389,-247.063,147.057,147.057,0
45580,2.154,-9.387,-9.387,-174.515,-174.515,-41.183,0
45614,0.154,-6.771,-6.771,-190.201,-190.201,229.408,0
45648,0.000,-4.771,-4.771,184.311,184.311,145.096,0
45682,17.696,17.696,1.539,19.608,58.823,58.823,0
45716,-2.617,-2.617,-11.849,-150.986,164.703,164.703,0
45750,-1.693,4.463,4.463,-203.926,-203.926,237.251,0
45784,-2.309,3.539,3.539,15.686,15.686,-172.554,0
45818,-6.771,-6.771,4.770,60.783,-100.006,-100.006,0
45852,-3.078,11.387,11.387,113.724,113.724,94.116,0
45886,1.847,1.847,8.771,111.763,-113.731,-113.731,0
45920,-6.310,-6.310,-1.232,-15.694,-149.025,-149.025,0
45954,4.001,11.233,11.233,-98.045,-98.045,-135.300,0
45988,1.693,-19.082,-19.082,101.959,101.959,113.724,0
46022,2.000,9.848,9.848,-98.045,-98.045,168.625,0
46056,13.080,13.080,17.850,227.448,174.507,174.507,0
46090,-4.463,18.773,18.773,-125.496,-125.496,213.722,0
46124,-3.694,16.927,16.927,13.725,13.725,-145.103,0
46158,-12.003,-12.003,-2.463,-31.380,-39.223,-39.223,0
46192,0.154,10.618,10.618,-5.890,-5.890,-221.573,0
46226,3.231,3.231,-18.158,-231.377,172.546,172.546,0
46260,2.308,-15.850,-15.850,5.882,5.882,-47.066,0
46294,2.462,2.462,1.077,13.725,-56.870,-56.870,0
46328,-3.386,-3.386,17.081,217.644,229.408,229.408,0
46362,0.000,-1.847,-1.847,13.725,13.725,-72.556,0
46396,2.616,2.616,-14.311,-182.358,-33.340,-33.340,0
46430,-2.463,-18.005,-18.005,-98.045,-98.045,86.273,0
46464,-4.463,5.847,5.847,-247.063,-247.063,154.900,0
46498,-1.386,-15.081,-15.081,-225.494,-225.494,50.980,0
46532,2.000,12.772,12.772,-62.752,-62.752,186.272,0
46566,7.848,7.848,-13.850,-176.476,139.214,139.214,0
46600,-0.154,-5.848,-5.848,-219.612,-219.612,-168.633,0
46634,1.385,8.002,8.002,-243.141,-243.141,225.487,0
46668,-7.079,-7.079,-0.462,-5.890,194.115,194.115,0
46702,9.079,9.079,17.235,219.604,227.448,227.448,0
46736,11.387,11.387,18.619,237.251,1.961,1.961,0
46770,5.386,5.386,-11.388,-145.103,-15.694,-15.694,0
46804,-2.001,-7.695,-7.695,-190.201,-190.201,-27.458,0
46838,0.154,9.233,9.233,217.644,217.644,-152.946,0
46872,19.081,19.081,7.848,99.998,207.840,207.840,0
46906,0.616,0.616,-0.154,-1.968,-113.731,-113.731,0
46940,5.540,5.540,17.081,217.644,125.488,125.488,0
46974,-0.924,-0.924,-7.387,-94.124,139.214,139.214,0
47008,-1.847,-2.617,-2.617,25.490,25.490,50.980,0
47042,-7.848,-7.848,-13.542,-172.554,201.958,201.958,0
47076,-0.770,7.848,7.848,-227.455,-227.455,-154.907,0
47110,-1.539,16.311,16.311,147.057,147.057,174.507,0
47144,-4.155,-17.389,-17.389,150.978,150.978,249.016,0
47178,-1.847,-8.926,-8.926,68.626,68.626,103.920,0
47212,10.925,10.925,-10.311,-131.378,-201.965,-201.965,0
47246,0.616,7.540,7.540,25.490,25.490,133.331,0
47280,-12.003,-12.003,-16.466,-209.808,0.000,0.000,0
47314,-19.236,-19.236,16.004,203.918,-147.064,-147.064,0
47348,3.693,-6.156,-6.156,223.526,223.526,239.212,0
47382,-8.002,-8.002,15.388,196.075,-33.340,-33.340,0
47416,2.462,13.695,13.695,-176.476,-176.476,150.978,0
47450,2.462,-4.155,-4.155,-127.457,-127.457,-162.750,0
47484,0.616,-17.697,-17.697,-86.281,-86.281,68.626,0
47518,-0.616,-9.080,-9.080,-37.262,-37.262,94.116,0
47552,3.693,3.693,4.616,58.823,-107.849,-107.849,0
47586,17.235,17.235,13.388,170.586,-103.928,-103.928,0
47620,-1.847,-4.309,-4.309,19.608,19.608,49.019,0
47654,7.078,7.078,10.618,135.292,139.214,139.214,0
47688,-18.005,-18.005,-1.386,-17.654,31.372,31.372,0
47722,-0.462,-9.387,-9.387,1.961,1.961,113.724,0
47756,6.001,6.001,5.232,66.666,-149.025,-149.025,0
47790,-16.466,-16.466,-2.924,-37.262,-243.141,-243.141,0
47824,-0.924,-10.926,-10.926,-176.476,-176.476,160.782,0
47858,-0.616,16.157,16.157,209.801,209.801,7.843,0
47892,4.309,4.309,3.231,41.176,-249.023,-249.023,0
47926,-16.620,-16.620,-9.541,-121.574,172.546,172.546,0
47960,-2.770,5.078,5.078,245.094,245.094,9.804,0
47994,-1.847,-1.847,15.542,198.036,156.860,156.860,0
48028,4.616,-6.002,-6.002,-227.455,-227.455,166.664,0
48062,3.847,1.693,1.693,117.645,117.645,1.961,0
48096,-3.078,-3.078,-14.619,-186.279,119.606,119.606,0
48130,3.693,11.387,11.387,168.625,168.625,101.959,0
48164,3.693,4.770,4.770,1.961,1.961,-160.789,0
48198,-15.542,-15.542,9.694,123.528,56.862,56.862,0
48232,-16.158,-16.158,1.539,19.608,5.882,5.882,0
48266,-9.233,-9.233,11.233,143.135,217.644,217.644,0
48300,-3.386,-6.310,-6.310,135.292,135.292,184.311,0
48334,-4.155,-11.695,-11.695,-50.987,-50.987,129.410,0
48368,-1.386,-5.848,-5.848,-147.064,-147.064,-135.300,0
48402,3.847,5.232,5.232,-245.102,-245.102,166.664,0
48436,2.154,2.154,-12.003,-152.946,-190.201,-190.201,0
48470,1.231,4.770,4.770,-19.615,-19.615,21.568,0
48504,7.848,7.848,10.464,133.331,-74.516,-74.516,0
48538,-0.462,-0.462,17.081,217.644,37.254,37.254,0
48572,-14.311,-14.311,-8.156,-103.928,-43.144,-43.144,0
48606,-3.078,-8.156,-8.156,-125.496,-125.496,-149.025,0
48640,-4.617,2.924,2.924,-56.870,-56.870,125.488,0
48674,-1.386,-1.386,-9.233,-117.653,-64.713,-64.713,0
48708,2.308,13.695,13.695,164.703,164.703,47.058,0
48742,-17.697,-17.697,12.464,158.821,117.645,117.645,0
48776,-0.308,4.924,4.924,-149.025,-149.025,-225.494,0
48810,-1.693,16.004,16.004,-198.044,-198.044,43.137,0
48844,-1.847,-10.618,-10.618,217.644,217.644,-62.752,0
48878,-2.155,9.541,9.541,3.922,3.922,-231.377,0
48912,14.465,14.465,15.234,194.115,-119.614,-119.614,0
48946,0.616,0.308,0.308,-198.044,-198.044,-164.711,0
48980,0.769,-12.465,-12.465,49.019,49.019,241.173,0
49014,6.155,6.155,5.694,72.548,203.918,203.918,0
49048,-8.926,-8.926,-7.695,-98.045,223.526,223.526,0
49082,1.539,11.387,11.387,5.882,5.882,-23.537,0
49116,5.540,5.540,-10.157,-129.417,54.901,54.901,0
49150,2.924,2.924,-10.772,-137.260,225.487,225.487,0
49184,2.770,0.923,0.923,-188.240,-188.240,3.922,0
49218,2.770,2.770,-6.464,-82.359,105.881,105.881,0
49252,7.694,7.694,-0.770,-9.811,207.840,207.840,0
49286,0.769,0.769,-5.694,-72.556,-84.320,-84.320,0
49320,13.234,13.234,19.389,247.055,86.273,86.273,0
49354,13.541,13.541,-18.158,-231.377,111.763,111.763,0
49388,-0.616,14.772,14.772,-41.183,-41.183,-105.888,0
49422,-0.001,4.309,4.309,-176.476,-176.476,-17.654,0
49456,-1.539,3.231,3.231,209.801,209.801,-82.359,0
49490,-0.001,-0.001,14.311,182.350,192.154,192.154,0
49524,4.155,-16.927,-16.927,-74.516,-74.516,3.922,0
49558,3.078,3.078,-13.080,-166.672,-162.750,-162.750,0
49592,0.462,6.001,6.001,76.469,76.469,-117.653,0
49626,-1.539,-1.539,2.308,29.411,-39.223,-39.223,0
49660,19.081,19.081,-9.387,-119.614,64.705,64.705,0
49694,5.540,5.540,-2.770,-35.301,-0.008,-0.008,0
49728,-9.233,-9.233,-17.389,-221.573,182.350,182.350,0
49762,-3.848,8.925,8.925,247.055,247.055,70.587,0
49796,19.389,19.389,6.771,86.273,92.155,92.155,0
49830,-10.311,-10.311,-14.311,-182.358,211.761,211.761,0
49864,2.308,8.617,8.617,-82.359,-82.359,-23.537,0
49898,12.926,12.926,5.078,64.705,245.094,245.094,0
49932,-7.848,-7.848,-17.697,-225.494,111.763,111.763,0
49966,0.308,-7.695,-7.695,-192.162,-192.162,-7.851,0
50000,-2.617,19.389,19.389,15.686,15.686,-200.005,0
50034,-4.463,-4.463,-11.234,-143.143,113.724,113.724,0
50068,-2.001,9.387,9.387,-239.220,-239.220,-213.730,0
50102,-4.001,-8.772,-8.772,-17.654,-17.654,117.645,0
50136,-1.078,-18.312,-18.312,184.311,184.311,23.529,0
50170,2.462,7.386,7.386,-245.102,-245.102,213.722,0
50204,2.000,2.000,-15.389,-196.083,-201.965,-201.965,0
50238,0.769,-1.386,-1.386,-166.672,-166.672,-133.339,0
50272,2.154,12.772,12.772,-205.887,-205.887,152.939,0
50306,2.462,-1.078,-1.078,49.019,49.019,-68.634,0
50340,10.310,10.310,-1.386,-17.654,-225.494,-225.494,0
50374,-1.078,-2.001,-2.001,125.488,125.488,-92.163,0
50408,-1.078,-4.925,-4.925,137.253,137.253,-49.026,0
50442,-1.693,-12.311,-12.311,-186.279,-186.279,215.683,0
50476,-2.463,-19.082,-19.082,86.273,86.273,-68.634,0
50510,-0.924,12.772,12.772,-182.358,-182.358,31.372,0
50544,2.000,3.539,3.539,-11.772,-11.772,172.546,0
50578,-4.001,-4.001,5.694,72.548,50.980,50.980,0
50612,-1.693,-1.693,-13.850,-176.476,-147.064,-147.064,0
50646,-0.154,7.848,7.848,-80.399,-80.399,54.901,0
50680,17.388,17.388,6.001,76.469,-50.987,-50.987,0
50714,2.924,2.924,-0.308,-3.929,154.900,154.900,0
50748,-6.771,-6.771,0.154,1.961,33.333,33.333,0
50782,9.079,9.079,-10.157,-129.417,160.782,160.782,0
50816,0.308,12.003,12.003,-225.494,-225.494,-133.339,0
50850,-1.078,7.848,7.848,133.331,133.331,-213.730,0
50884,-6.771,-6.771,-6.002,-76.477,-62.752,-62.752,0
50918,2.616,0.769,0.769,-209.808,-209.808,-105.888,0
50952,3.693,5.540,5.540,141.174,141.174,-137.260,0
50986,-16.466,-16.466,0.462,5.882,-231.377,-231.377,0
51020,0.769,16.465,16.465,78.430,78.430,68.626,0
51054,-6.002,-6.002,1.231,15.686,21.568,21.568,0
51088,15.850,15.850,-2.001,-25.497,-98.045,-98.045,0
51122,0.616,-3.386,-3.386,1.961,1.961,-129.417,0
51156,-12.619,-12.619,5.386,68.626,-121.574,-121.574,0
51190,-0.308,5.386,5.386,135.292,135.292,-196.083,0
51224,5.540,5.540,-16.158,-205.887,143.135,143.135,0
51258,-1.078,3.078,3.078,-213.730,-213.730,190.193,0
51292,0.000,-2.155,-2.155,66.666,66.666,241.173,0
51326,14.003,14.003,-8.926,-113.731,156.860,156.860,0
51360,-0.001,-16.312,-16.312,33.333,33.333,-225.494,0
51394,-1.386,3.078,3.078,-188.240,-188.240,-176.476,0
51428,-1.539,13.849,13.849,227.448,227.448,235.291,0
51462,0.308,-4.155,-4.155,54.901,54.901,35.294,0
51496,-11.695,-11.695,-10.618,-135.300,-13.733,-13.733,0
51530,-1.847,8.463,8.463,223.526,223.526,-131.378,0
51564,17.388,17.388,17.388,221.565,219.604,219.604,0
51598,-0.001,-6.156,-6.156,54.901,54.901,-176.476,0
51632,7.386,7.386,18.158,231.369,-145.103,-145.103,0
51666,-0.154,-13.850,-13.850,-243.141,-243.141,217.644,0
51700,-0.001,9.848,9.848,-229.416,-229.416,-37.262,0
51734,0.923,-4.309,-4.309,62.744,62.744,145.096,0
51768,-7.848,-7.848,-13.850,-176.476,-141.182,-141.182,0
51802,-1.078,17.388,17.388,150.978,150.978,-80.399,0
51836,-2.463,8.925,8.925,229.408,229.408,229.408,0
51870,-5.694,-5.694,-11.234,-143.143,241.173,241.173,0
51904,1.847,-13.080,-13.080,-209.808,-209.808,131.371,0
51938,0.462,-18.312,-18.312,-84.320,-84.320,-94.124,0
51972,-1.539,12.772,12.772,152.939,152.939,-221.573,0
52006,1.539,10.002,10.002,-17.654,-17.654,-150.986,0
52040,2.154,0.769,0.769,-207.848,-207.848,-13.733,0
52074,0.308,0.308,-11.234,-143.143,129.410,129.410,0
52108,-0.462,-18.466,-18.466,-21.576,-21.576,-152.946,0
52142,0.923,-11.849,-11.849,31.372,31.372,0.000,0
52176,15.080,15.080,-12.311,-156.868,-172.554,-172.554,0
52210,-2.155,-2.617,-2.617,92.155,92.155,-141.182,0
52244,-8.310,-8.310,-3.232,-41.183,-45.105,-45.105,0
52278,-0.770,-10.618,-10.618,139.214,139.214,-239.220,0
52312,-0.616,14.465,14.465,99.998,99.998,133.331,0
52346,11.849,11.849,5.386,68.626,247.055,247.055,0
52380,0.462,0.462,-1.386,-17.654,-35.301,-35.301,0
52414,7.386,7.386,0.769,9.804,-31.380,-31.380,0
52448,7.232,7.232,-14.619,-186.279,-7.851,-7.851,0
52482,-13.542,-13.542,19.081,243.134,50.980,50.980,0
52516,2.924,4.770,4.770,123.528,123.528,137.253,0
52550,-18.466,-18.466,2.308,29.411,186.272,186.272,0
52584,-0.462,15.388,15.388,-125.496,-125.496,-92.163,0
52618,-1.847,6.155,6.155,-152.946,-152.946,-139.221,0
52652,-1.539,-14.465,-14.465,241.173,241.173,-139.221,0
52686,-1.693,-13.696,-13.696,-31.380,-31.380,1.961,0
52720,-1.539,-19.389,-19.389,-170.593,-170.593,41.176,0
52754,-0.154,1.847,1.847,27.451,27.451,39.215,0
52788,-8.772,-8.772,-12.003,-152.946,-45.105,-45.105,0
52822,3.539,2.000,2.000,219.604,219.604,221.565,0
52856,10.618,10.618,18.619,237.251,168.625,168.625,0
52890,-2.924,-4.771,-4.771,-74.516,-74.516,-145.103,0
52924,0.923,-2.155,-2.155,-205.887,-205.887,207.840,0
52958,-2.001,18.773,18.773,56.862,56.862,209.801,0
52992,17.696,17.696,-10.618,-135.300,-21.576,-21.576,0
53026,-1.539,0.769,0.769,-217.651,-217.651,-141.182,0
53060,-0.001,4.155,4.155,74.509,74.509,-229.416,0
53094,0.769,0.769,-0.001,-0.008,-37.262,-37.262,0
53128,-7.233,-7.233,2.616,33.333,-249.023,-249.023,0
53162,4.155,-13.542,-13.542,-156.868,-156.868,-198.044,0
53196,0.923,-12.157,-12.157,-186.279,-186.279,-225.494,0
53230,-0.308,1.077,1.077,-60.791,-60.791,15.686,0
53264,11.079,11.079,2.000,25.490,-72.556,-72.556,0
53298,10.156,10.156,17.081,217.644,162.743,162.743,0
53332,-1.539,15.080,15.080,-1.968,-1.968,231.369,0
53366,6.771,6.771,-4.155,-52.948,-245.102,-245.102,0
53400,-0.462,10.772,10.772,107.841,107.841,121.567,0
53434,-0.462,-1.693,-1.693,-119.614,-119.614,47.058,0
53468,1.385,-13.080,-13.080,94.116,94.116,-131.378,0
53502,4.463,-10.311,-10.311,5.882,5.882,147.057,0
53536,-6.156,-6.156,6.617,84.312,-74.516,-74.516,0
53570,-7.233,-7.233,-11.695,-149.025,-101.967,-101.967,0
53604,4.001,-2.155,-2.155,-188.240,-188.240,-135.300,0
53638,-2.155,-4.001,-4.001,-11.772,-11.772,211.761,0
53672,-5.694,19.543,19.543,-215.691,-215.691,15.686,0
53706,-0.924,17.081,17.081,-143.143,-143.143,223.526,0
53740,-0.770,-12.003,-12.003,92.155,92.155,-145.103,0
53774,-2.770,12.926,12.926,-9.811,-9.811,188.232,0
53808,-3.078,-3.078,8.617,109.802,-215.691,-215.691,0
53842,4.001,4.924,4.924,172.546,172.546,70.587,0
53876,-13.542,-13.542,-19.543,-249.023,82.352,82.352,0
53910,-0.770,-13.850,-13.850,-237.259,-237.259,62.744,0
53944,1.693,-8.772,-8.772,-105.888,-105.888,-82.359,0
53978,0.154,-9.387,-9.387,-145.103,-145.103,-190.201,0
54012,-1.539,15.388,15.388,211.761,211.761,-27.458,0
54046,-1.539,7.232,7.232,-141.182,-141.182,162.743,0
54080,-0.770,-11.695,-11.695,225.487,225.487,109.802,0
54114,1.539,8.771,8.771,-178.436,-178.436,-109.810,0
54148,0.462,-16.312,-16.312,117.645,117.645,-56.870,0
54182,2.924,14.619,14.619,121.567,121.567,-198.044,0
54216,1.693,-12.465,-12.465,211.761,211.761,213.722,0
54250,-1.232,2.770,2.770,-70.595,-70.595,43.137,0
54284,-18.005,-18.005,8.771,111.763,139.214,139.214,0
54318,-4.001,5.386,5.386,213.722,213.722,-174.515,0
54352,13.080,13.080,-10.157,-129.417,15.686,15.686,0
54386,-4.309,1.847,1.847,88.234,88.234,-143.143,0
54420,19.235,19.235,-1.539,-19.615,-188.240,-188.240,0
54454,-0.770,-10.311,-10.311,221.565,221.565,-41.183,0
54488,-0.462,-3.694,-3.694,152.939,152.939,-209.808,0
54522,0.000,-0.308,-0.308,-180.397,-180.397,49.019,0
54556,12.618,12.618,-14.465,-184.319,145.096,145.096,0
54590,1.693,16.619,16.619,-29.419,-29.419,-172.554,0
54624,1.077,-4.309,-4.309,243.134,243.134,-207.848,0
54658,0.923,-14.927,-14.927,174.507,174.507,203.918,0
54692,0.462,-17.697,-17.697,66.666,66.666,101.959,0
54726,-14.158,-14.158,3.847,49.019,41.176,41.176,0
54760,-1.386,-1.386,-11.542,-147.064,-54.909,-54.909,0
54794,0.923,11.695,11.695,235.291,235.291,201.958,0
54828,15.696,15.696,16.157,205.879,147.057,147.057,0
54862,0.000,-14.619,-14.619,192.154,192.154,-68.634,0
54896,-0.154,-5.079,-5.079,41.176,41.176,-164.711,0
54930,2.924,2.924,11.695,149.017,113.724,113.724,0
54964,7.848,7.848,-8.002,-101.967,-45.105,-45.105,0
54998,3.385,3.385,8.771,111.763,-50.987,-50.987,0
55032,-5.386,-5.386,2.616,33.333,192.154,192.154,0
55066,-14.927,-14.927,9.387,119.606,-9.811,-9.811,0
55100,-10.618,-10.618,-11.080,-141.182,119.606,119.606,0
55134,-3.694,-16.158,-16.158,-209.808,-209.808,129.410,0
55168,1.539,12.157,12.157,-188.240,-188.240,-88.242,0
55202,4.155,4.770,4.770,-27.458,-27.458,80.391,0
55236,7.848,7.848,12.464,158.821,52.940,52.940,0
55270,-8.618,-8.618,4.155,52.940,-100.006,-100.006,0
55304,2.154,8.925,8.925,172.546,172.546,203.918,0
55338,4.463,4.463,8.156,103.920,96.077,96.077,0
55372,9.387,9.387,15.850,201.958,231.369,231.369,0
55406,-15.696,-15.696,4.924,62.744,145.096,145.096,0
55440,-5.694,-1.693,-1.693,-156.868,-156.868,196.075,0
55474,-5.233,12.772,12.772,-39.223,-39.223,227.448,0
55508,-2.155,15.234,15.234,-21.576,-21.576,-13.733,0
55542,-1.232,10.618,10.618,249.016,249.016,188.232,0
55576,-1.078,-5.848,-5.848,152.939,152.939,-233.337,0
55610,1.539,-16.927,-16.927,-88.242,-88.242,88.234,0
55644,4.616,-19.236,-19.236,-168.633,-168.633,-5.890,0
55678,2.308,-13.388,-13.388,-39.223,-39.223,154.900,0
55712,0.923,-18.774,-18.774,78.430,78.430,-229.416,0
55746,2.616,2.616,2.616,121.567,121.567,-76.477,0
55780,15.388,15.388,-1.693,-21.576,-80.399,-80.399,0
55814,-1.078,-12.311,-12.311,105.881,105.881,184.311,0
55848,-0.770,7.694,7.694,194.115,194.115,98.038,0
55882,2.154,2.154,-10.772,-137.260,25.490,25.490,0
55916,9.079,9.079,3.539,45.097,56.862,56.862,0
55950,15.542,15.542,9.387,119.606,-221.573,-221.573,0
55984,-2.001,-11.695,-11.695,-98.045,-98.045,-49.026,0
56018,-1.693,-1.232,-1.232,-52.948,-52.948,-27.458,0
56052,-0.770,7.848,7.848,-25.497,-25.497,145.096,0
56086,6.309,6.309,-11.695,-149.025,-145.103,-145.103,0
56120,-0.616,-11.234,-11.234,241.173,241.173,68.626,0
56154,0.000,0.462,0.462,96.077,96.077,-39.223,0
56188,4.309,4.309,-13.542,-172.554,145.096,145.096,0
56222,-0.924,8.771,8.771,70.587,70.587,209.801,0
56256,-7.695,-7.695,-13.542,-172.554,109.802,109.802,0
56290,1.231,-9.695,-9.695,233.330,233.330,-72.556,0
56324,-2.155,-2.155,-0.924,-11.772,194.115,194.115,0
56358,1.385,11.695,11.695,-201.965,-201.965,178.429,0
56392,2.462,-18.158,-18.158,-135.300,-135.300,64.705,0
56426,1.231,15.850,15.850,-107.849,-107.849,5.882,0
56460,-12.927,-12.927,-16.004,-203.926,-133.339,-133.339,0
56494,-0.001,-7.387,-7.387,27.451,27.451,-154.907,0
56528,10.310,10.310,-3.386,-43.144,178.429,178.429,0
56562,-2.770,-6.464,-6.464,186.272,186.272,190.193,0
56596,-2.770,-0.770,-0.770,184.311,184.311,-131.378,0
56630,-0.616,-3.232,-3.232,-43.144,-43.144,94.116,0
56664,7.540,7.540,-12.003,-152.946,-194.122,-194.122,0
56698,0.308,-5.079,-5.079,131.371,131.371,54.901,0
56732,0.616,0.616,11.079,141.174,-111.771,-111.771,0
56766,0.769,-6.925,-6.925,-145.103,-145.103,199.997,0
56800,1.077,-16.158,-16.158,-219.612,-219.612,117.645,0
56834,0.000,12.926,12.926,229.408,229.408,133.331,0
56868,-6.925,-6.925,8.617,109.802,121.567,121.567,0
56902,1.847,1.847,16.004,203.918,52.940,52.940,0
56936,-19.082,-19.082,-18.466,-235.298,209.801,209.801,0
56970,-0.154,9.079,9.079,-49.026,-49.026,33.333,0
57004,-5.540,-5.540,14.311,182.350,117.645,117.645,0
57038,4.155,-4.771,-4.771,133.331,133.331,207.840,0
57072,-17.081,-17.081,-4.155,-52.948,221.565,221.565,0
57106,4.001,4.770,4.770,207.840,207.840,58.823,0
57140,-8.926,-8.926,-10.003,-127.457,-133.339,-133.339,0
57174,-0.001,14.465,14.465,-207.848,-207.848,-29.419,0
57208,-0.924,9.848,9.848,245.094,245.094,-78.438,0
57242,9.848,9.848,7.848,99.998,149.017,149.017,0
57276,4.770,4.770,-14.465,-184.319,141.174,141.174,0
57310,-2.001,-0.924,-0.924,223.526,223.526,190.193,0
57344,-0.924,-0.001,-0.001,241.173,241.173,-188.240,0
57378,-0.770,13.234,13.234,-184.319,-184.319,235.291,0
57412,-1.078,14.772,14.772,107.841,107.841,-243.141,0
57446,0.154,14.157,14.157,137.253,137.253,-17.654,0
57480,-15.389,-15.389,9.694,123.528,0.000,0.000,0
57514,10.772,10.772,-4.925,-62.752,-186.279,-186.279,0
57548,1.077,12.310,12.310,-125.496,-125.496,103.920,0
57582,0.154,9.694,9.694,-74.516,-74.516,-229.416,0
57616,-13.234,-13.234,17.081,217.644,50.980,50.980,0
57650,-0.770,15.388,15.388,-92.163,-92.163,-150.986,0
57684,0.308,-10.926,-10.926,-11.772,-11.772,66.666,0
57718,0.000,-19.543,-19.543,-111.771,-111.771,15.686,0
57752,0.462,-4.001,-4.001,229.408,229.408,-186.279,0
57786,2.000,6.771,6.771,-98.045,-98.045,174.507,0
57820,-18.620,-18.620,-17.851,-227.455,113.724,113.724,0
57854,-1.078,11.079,11.079,82.352,82.352,64.705,0
57888,-9.080,-9.080,-14.773,-188.240,245.094,245.094,0
57922,-3.848,-13.542,-13.542,225.487,225.487,113.724,0
57956,-4.771,14.619,14.619,-172.554,-172.554,-109.810,0
57990,-4.617,1.539,1.539,-47.066,-47.066,-147.064,0
58024,14.157,14.157,15.388,196.075,-94.124,-94.124,0
58058,-0.308,-4.771,-4.771,-84.320,-84.320,76.469,0
58092,17.696,17.696,-8.156,-103.928,76.469,76.469,0
58126,3.231,3.231,-7.541,-96.085,217.644,217.644,0
58160,-19.389,-19.389,-1.078,-13.733,-49.026,-49.026,0
58194,2.462,-2.001,-2.001,45.097,45.097,-158.829,0
58228,-6.617,-6.617,15.234,194.115,-82.359,-82.359,0
58262,0.923,-17.389,-17.389,17.647,17.647,249.016,0
58296,14.003,14.003,15.850,201.958,162.743,162.743,0
58330,-2.155,11.079,11.079,190.193,190.193,201.958,0
58364,-1.232,-6.310,-6.310,-211.769,-211.769,-145.103,0
58398,1.231,4.770,4.770,-94.124,-94.124,35.294,0
58432,16.619,16.619,0.462,5.882,-101.967,-101.967,0
58466,8.925,8.925,-16.466,-209.808,-76.477,-76.477,0
58500,1.847,-15.389,-15.389,223.526,223.526,184.311,0
58534,2.000,-5.386,-5.386,0.000,0.000,-237.259,0
58568,4.770,4.770,13.541,172.546,-245.102,-245.102,0
58602,-0.308,-2.770,-2.770,125.488,125.488,39.215,0
58636,18.619,18.619,8.771,111.763,-127.457,-127.457,0
58670,-4.155,4.309,4.309,21.568,21.568,-23.537,0
58704,3.231,3.231,13.849,176.468,215.683,215.683,0
58738,-15.850,-15.850,-9.695,-123.535,-231.377,-231.377,0
58772,0.000,17.850,17.850,121.567,121.567,88.234,0
58806,-0.616,-0.616,12.003,152.939,-3.929,-3.929,0
58840,-9.387,-9.387,-6.771,-86.281,-184.319,-184.319,0
58874,1.077,-14.004,-14.004,-94.124,-94.124,221.565,0
58908,0.923,0.462,0.462,178.429,178.429,68.626,0
58942,8.617,8.617,0.616,7.843,98.038,98.038,0
58976,7.386,7.386,-8.156,-103.928,-107.849,-107.849,0
59010,-0.154,-5.540,-5.540,-15.694,-15.694,-239.220,0
59044,-0.154,-3.694,-3.694,-68.634,-68.634,-74.516,0
59078,-0.462,15.080,15.080,119.606,119.606,31.372,0
59112,-12.157,-12.157,-9.541,-121.574,-76.477,-76.477,0
59146,-2.001,0.923,0.923,-76.477,-76.477,-88.242,0
59180,4.309,4.309,8.617,109.802,205.879,205.879,0
59214,14.311,14.311,-12.773,-162.750,-194.122,-194.122,0
59248,3.385,4.924,4.924,-68.634,-68.634,-249.023,0
59282,16.465,16.465,7.078,90.195,119.606,119.606,0
59316,-12.465,-12.465,16.311,207.840,-213.730,-213.730,0
59350,-0.154,8.463,8.463,103.920,103.920,-160.789,0
59384,4.001,4.001,8.617,109.802,198.036,198.036,0
59418,-2.463,-2.463,-8.156,-103.928,-60.791,-60.791,0
59452,-2.155,-4.001,-4.001,-5.890,-5.890,141.174,0
59486,10.618,10.618,7.694,98.038,135.292,135.292,0
59520,12.157,12.157,9.694,123.528,117.645,117.645,0
59554,11.849,11.849,13.849,176.468,196.075,196.075,0
59588,-2.309,-5.079,-5.079,158.821,158.821,162.743,0
59622,-0.770,-13.542,-13.542,-111.771,-111.771,-101.967,0
59656,0.769,-4.925,-4.925,-233.337,-233.337,149.017,0
59690,0.769,3.693,3.693,-186.279,-186.279,158.821,0
59724,14.619,14.619,14.157,180.389,-56.870,-56.870,0
59758,0.308,-5.079,-5.079,70.587,70.587,-164.711,0
59792,-12.619,-12.619,-18.620,-237.259,119.606,119.606,0
59826,-2.617,-16.927,-16.927,125.488,125.488,-3.929,0
59860,-1.232,13.849,13.849,213.722,213.722,25.490,0
59894,-6.002,-6.002,-8.310,-105.888,-201.965,-201.965,0
59928,2.308,-14.927,-14.927,-103.928,-103.928,229.408,0
59962,2.000,7.232,7.232,235.291,235.291,-182.358,0
59996,12.310,12.310,1.693,21.568,-21.576,-21.576,0
60030,-11.080,-11.080,2.924,37.254,13.725,13.725,0
60064,6.001,6.001,-3.694,-47.066,117.645,117.645,0
60098,-3.078,-3.078,5.847,74.509,84.312,84.312,0
60132,-18.158,-18.158,5.232,66.666,-29.419,-29.419,0
60166,0.308,14.311,14.311,168.625,168.625,-188.240,0
60200,-1.232,-1.078,-1.078,207.840,207.840,217.644,0
60234,-2.309,-13.696,-13.696,-188.240,-188.240,88.234,0
60268,-1.539,12.772,12.772,-194.122,-194.122,168.625,0
60302,-0.770,-19.082,-19.082,45.097,45.097,-78.438,0
60336,-0.308,10.002,10.002,7.843,7.843,-211.769,0
60370,-7.079,-7.079,13.080,166.664,56.862,56.862,0
60404,-2.770,-2.770,-6.156,-78.438,70.587,70.587,0
60438,-5.848,-5.848,-15.696,-200.005,196.075,196.075,0
60472,-0.462,15.080,15.080,-60.791,-60.791,17.647,0
60506,-9.541,-9.541,2.308,29.411,-190.201,-190.201,0
60540,-1.539,15.542,15.542,-119.614,-119.614,-27.458,0
60574,-2.155,-18.928,-18.928,237.251,237.251,239.212,0
60608,-0.154,-15.696,-15.696,1.961,1.961,-0.008,0
60642,-7.387,-7.387,-10.003,-127.457,-160.789,-160.789,0
60676,0.923,4.155,4.155,-243.141,-243.141,-125.496,0
60710,2.462,-16.004,-16.004,-133.339,-133.339,-23.537,0
60744,1.385,-9.695,-9.695,205.879,205.879,231.369,0
60778,14.926,14.926,-17.235,-219.612,60.783,60.783,0
60812,-1.232,2.462,2.462,-196.083,-196.083,27.451,0
60846,-2.770,-2.770,13.849,176.468,-233.337,-233.337,0
60880,-1.078,0.616,0.616,72.548,72.548,-125.496,0
60914,-3.848,-3.848,-0.308,-3.929,56.862,56.862,0
60948,-13.850,-13.850,12.464,158.821,201.958,201.958,0
60982,-0.770,14.926,14.926,-3.929,-3.929,80.391,0
61016,-11.542,-11.542,-18.005,-229.416,-27.458,-27.458,0
61050,0.000,12.618,12.618,103.920,103.920,227.448,0
61084,5.232,5.232,-13.850,-176.476,137.253,137.253,0
61118,2.462,6.001,6.001,111.763,111.763,-62.752,0
61152,-5.540,-5.540,-10.003,-127.457,-58.830,-58.830,0
61186,1.539,-12.773,-12.773,203.918,203.918,-196.083,0
61220,1.539,19.389,19.389,-237.259,-237.259,-45.105,0
61254,0.308,-11.234,-11.234,-139.221,-139.221,-96.085,0
61288,-1.539,12.464,12.464,-194.122,-194.122,211.761,0
61322,-0.770,9.387,9.387,125.488,125.488,123.528,0
61356,-8.310,-8.310,14.003,178.429,145.096,145.096,0
61390,1.077,-10.157,-10.157,27.451,27.451,82.352,0
61424,0.000,0.000,9.848,125.488,-150.986,-150.986,0
61458,-7.695,-7.695,3.078,39.215,-96.085,-96.085,0
61492,-14.004,-14.004,12.618,160.782,78.430,78.430,0
61526,-1.539,0.769,0.769,160.782,160.782,156.860,0
61560,-10.464,-10.464,-6.310,-80.399,-201.965,-201.965,0
61594,-0.616,6.155,6.155,-43.144,-43.144,154.900,0
61628,13.080,13.080,-4.309,-54.909,174.507,174.507,0
61662,-0.770,18.466,18.466,-127.457,-127.457,-209.808,0
61696,0.769,-0.770,-0.770,-245.102,-245.102,182.350,0
61730,2.924,-2.309,-2.309,-84.320,-84.320,-192.162,0
61764,1.539,5.694,5.694,192.154,192.154,194.115,0
61798,4.155,4.155,10.310,131.371,152.939,152.939,0
61832,-10.311,-10.311,16.465,209.801,27.451,27.451,0
61866,2.308,14.311,14.311,180.389,180.389,149.017,0
61900,-1.232,-8.772,-8.772,178.429,178.429,41.176,0
61934,13.080,13.080,8.002,101.959,-201.965,-201.965,0
61968,-2.924,15.080,15.080,31.372,31.372,178.429,0
62002,-4.463,-4.463,0.308,3.922,1.961,1.961,0
62036,18.466,18.466,-9.541,-121.574,-68.634,-68.634,0
62070,1.385,5.540,5.540,-52.948,-52.948,-125.496,0
62104,6.001,6.001,4.770,60.783,76.469,76.469,0
62138,3.231,3.231,-8.618,-109.810,-7.851,-7.851,0
62172,-8.618,-8.618,2.462,31.372,9.804,9.804,0
62206,-19.236,-19.236,16.773,213.722,-0.008,-0.008,0
62240,-1.386,-6.925,-6.925,137.253,137.253,117.645,0
62274,-2.770,8.771,8.771,205.879,205.879,135.292,0
62308,17.696,17.696,-15.850,-201.965,-166.672,-166.672,0
62342,-3.540,16.465,16.465,-203.926,-203.926,-135.300,0
62376,-1.847,-16.927,-16.927,219.604,219.604,127.449,0
62410,1.539,6.617,6.617,49.019,49.019,-156.868,0
62444,9.694,9.694,0.154,1.961,-105.888,-105.888,0
62478,-15.235,-15.235,0.923,11.765,-90.202,-90.202,0
62512,2.000,-5.694,-5.694,-70.595,-70.595,17.647,0
62546,3.539,3.539,6.925,88.234,-121.574,-121.574,0
62580,-6.771,-6.771,10.156,129.410,135.292,135.292,0
62614,1.539,9.387,9.387,-147.064,-147.064,-17.654,0
62648,19.235,19.235,17.850,227.448,-164.711,-164.711,0
62682,-2.924,6.001,6.001,90.195,90.195,31.372,0
62716,-15.850,-15.850,-16.927,-215.691,-66.673,-66.673,0
62750,-1.539,-8.156,-8.156,-17.654,-17.654,11.765,0
62784,-6.156,-6.156,1.693,21.568,-235.298,-235.298,0
62818,1.385,-10.926,-10.926,178.429,178.429,-211.769,0
62852,1.693,14.772,14.772,-60.791,-60.791,-74.516,0
62886,5.540,5.540,0.616,7.843,225.487,225.487,0
62920,-1.539,-1.539,2.616,33.333,215.683,215.683,0
62954,-14.158,-14.158,2.154,27.451,-113.731,-113.731,0
62988,-3.078,9.541,9.541,117.645,117.645,-203.926,0
63022,-5.386,-5.386,16.311,207.840,-170.593,-170.593,0
63056,-1.693,-8.772,-8.772,-152.946,-152.946,119.606,0
63090,-1.693,5.078,5.078,-3.929,-3.929,-133.339,0
63124,18.773,18.773,3.231,41.176,-7.851,-7.851,0
63158,-17.543,-17.543,-13.388,-170.593,88.234,88.234,0
63192,4.463,10.464,10.464,0.000,0.000,-94.124,0
63226,8.617,8.617,16.157,205.879,164.703,164.703,0
63260,-10.003,-10.003,2.308,29.411,-168.633,-168.633,0
63294,1.231,-2.309,-2.309,158.821,158.821,72.548,0
63328,-16.004,-16.004,16.157,205.879,233.330,233.330,0
63362,-0.308,-6.310,-6.310,-213.730,-213.730,192.154,0
63396,-2.924,-4.925,-4.925,-192.162,-192.162,133.331,0
63430,-3.848,-17.235,-17.235,-56.870,-56.870,196.075,0
63464,-1.693,-13.542,-13.542,-178.436,-178.436,-45.105,0
63498,0.308,13.695,13.695,-207.848,-207.848,-131.378,0
63532,-0.154,11.233,11.233,154.900,154.900,-154.907,0
63566,0.616,-2.001,-2.001,178.429,178.429,-176.476,0
63600,0.308,-14.465,-14.465,35.294,35.294,70.587,0
63634,17.696,17.696,10.310,131.371,94.116,94.116,0
63668,-5.233,-5.233,-2.463,-31.380,192.154,192.154,0
63702,-0.154,-16.312,-16.312,178.429,178.429,176.468,0
63736,-1.078,13.080,13.080,-201.965,-201.965,-168.633,0
63770,-1.078,7.386,7.386,43.137,43.137,241.173,0
63804,-3.078,-3.078,-16.774,-213.730,68.626,68.626,0
63838,-0.462,-1.693,-1.693,-76.477,-76.477,-111.771,0
63872,1.231,-0.616,-0.616,176.468,176.468,-123.535,0
63906,2.616,10.002,10.002,47.058,47.058,-243.141,0
63940,-4.617,-4.617,-16.312,-207.848,215.683,215.683,0
63974,2.308,-16.466,-16.466,-119.614,-119.614,-31.380,0
64008,0.308,7.848,7.848,-229.416,-229.416,23.529,0
64042,11.079,11.079,1.077,13.725,92.155,92.155,0
64076,0.923,0.923,19.543,249.016,-113.731,-113.731,0
64110,-2.463,1.231,1.231,-125.496,-125.496,-203.926,0
64144,-4.001,7.386,7.386,127.449,127.449,-166.672,0
64178,13.849,13.849,9.233,117.645,49.019,49.019,0
64212,17.235,17.235,10.156,129.410,-186.279,-186.279,0
64246,-1.232,-0.308,-0.308,-170.593,-170.593,99.998,0
64280,-1.539,-0.154,-0.154,-194.122,-194.122,131.371,0
64314,2.616,7.078,7.078,231.369,231.369,58.823,0
64348,-0.770,-0.770,-12.773,-162.750,-247.063,-247.063,0
64382,1.693,-12.927,-12.927,-113.731,-113.731,-247.063,0
64416,2.000,16.773,16.773,107.841,107.841,211.761,0
64450,0.616,0.616,0.616,158.821,158.821,235.291,0
64484,18.158,18.158,0.308,3.922,-27.458,-27.458,0
64518,0.462,0.462,13.234,168.625,137.253,137.253,0
64552,-12.311,-12.311,-16.620,-211.769,217.644,217.644,0
64586,-0.770,-18.312,-18.312,-166.672,-166.672,180.389,0
64620,1.077,7.078,7.078,-225.494,-225.494,-37.262,0
64654,-17.697,-17.697,3.539,45.097,56.862,56.862,0
64688,19.081,19.081,1.385,17.647,-35.301,-35.301,0
64722,11.387,11.387,7.694,98.038,-41.183,-41.183,0
64756,-16.774,-16.774,3.231,41.176,176.468,176.468,0
64790,-1.693,-9.080,-9.080,225.487,225.487,150.978,0
64824,-2.155,15.696,15.696,-178.436,-178.436,184.311,0
64858,-3.386,11.387,11.387,-15.694,-15.694,-160.789,0
64892,-4.001,6.463,6.463,198.036,198.036,50.980,0
64926,-15.389,-15.389,-12.619,-160.789,7.843,7.843,0
64960,-0.770,3.693,3.693,62.744,62.744,-3.929,0
64994,1.385,1.385,-0.308,-3.929,213.722,213.722,0
65028,10.310,10.310,17.850,227.448,-103.928,-103.928,0
65062,2.462,-2.770,-2.770,158.821,158.821,-180.397,0
65096,1.847,-13.080,-13.080,47.058,47.058,-88.242,0
65130,-9.233,-9.233,-8.156,-103.928,249.016,249.016,0
65164,1.231,-7.848,-7.848,64.705,64.705,239.212,0
65198,2.770,2.770,19.235,245.094,82.352,82.352,0
65232,-5.079,-5.079,18.004,229.408,143.135,143.135,0
65266,-1.693,18.158,18.158,-7.851,-7.851,-96.085,0
65300,12.310,12.310,-3.078,-39.223,121.567,121.567,0
65334,-2.617,-6.925,-6.925,-1.968,-1.968,-147.064,0
65368,11.695,11.695,-6.002,-76.477,-50.987,-50.987,0
65402,-0.770,-14.158,-14.158,237.251,237.251,-180.397,0
65436,0.616,-17.081,-17.081,-39.223,-39.223,76.469,0
65470,0.923,-6.156,-6.156,180.389,180.389,-52.948,0
65504,-5.233,-5.233,0.154,1.961,21.568,21.568,0
65538,1.385,1.385,1.693,21.568,-156.868,-156.868,0
65572,-10.311,-10.311,-11.080,-141.182,147.057,147.057,0
65606,1.077,11.233,11.233,209.801,209.801,25.490,0
65640,-12.773,-12.773,-3.232,-41.183,56.862,56.862,0
65674,-2.770,15.850,15.850,-82.359,-82.359,56.862,0
65708,-6.002,-6.002,18.619,237.251,-209.808,-209.808,0
65742,0.769,19.081,19.081,129.410,129.410,15.686,0
65776,15.388,15.388,6.925,88.234,-66.673,-66.673,0
65810,15.080,15.080,-0.462,-5.890,-211.769,-211.769,0
65844,1.077,-7.695,-7.695,178.429,178.429,-7.851,0
65878,-13.542,-13.542,3.847,49.019,66.666,66.666,0
65912,2.154,2.154,13.080,166.664,-186.279,-186.279,0
65946,1.847,0.462,0.462,-176.476,-176.476,135.292,0
65980,10.464,10.464,13.388,170.586,-86.281,-86.281,0
66014,-3.694,0.154,0.154,21.568,21.568,-178.436,0
66048,4.924,4.924,14.772,188.232,-160.789,-160.789,0
66082,1.693,14.157,14.157,-101.967,-101.967,-21.576,0
66116,3.078,-2.155,-2.155,82.352,82.352,-113.731,0
66150,-4.155,-4.155,11.849,150.978,-103.928,-103.928,0
66184,3.693,-16.158,-16.158,-103.928,-103.928,164.703,0
66218,2.154,15.080,15.080,-68.634,-68.634,-54.909,0
66252,-2.617,-2.617,-16.004,-203.926,27.451,27.451,0
66286,1.077,11.695,11.695,-221.573,-221.573,249.016,0
66320,-0.924,-19.236,-19.236,219.604,219.604,-133.339,0
66354,-2.924,17.542,17.542,170.586,170.586,-13.733,0
66388,-2.924,-16.927,-16.927,-164.711,-164.711,76.469,0
66422,-0.924,-13.234,-13.234,-11.772,-11.772,74.509,0
66456,-1.078,16.773,16.773,-243.141,-243.141,198.036,0
66490,-0.924,8.617,8.617,66.666,66.666,-180.397,0
66524,-3.232,-3.232,8.310,105.881,-111.771,-111.771,0
66558,3.231,-16.004,-16.004,129.410,129.410,84.312,0
66592,1.539,-18.158,-18.158,99.998,99.998,-11.772,0
66626,2.462,2.462,16.004,203.918,-23.537,-23.537,0
66660,16.004,16.004,6.309,80.391,-205.887,-205.887,0
66694,-3.540,-6.310,-6.310,247.055,247.055,-233.337,0
66728,-4.155,-12.157,-12.157,-139.221,-139.221,-121.574,0
66762,-2.463,-9.387,-9.387,160.782,160.782,-225.494,0
66796,-2.155,18.312,18.312,-117.653,-117.653,-82.359,0
66830,-1.232,4.770,4.770,-219.612,-219.612,41.176,0
66864,1.847,1.847,-7.079,-90.202,-203.926,-203.926,0
66898,1.077,-13.696,-13.696,160.782,160.782,-239.220,0
66932,1.539,-1.078,-1.078,-239.220,-239.220,184.311,0
66966,1.077,14.311,14.311,-221.573,-221.573,23.529,0
67000,-0.001,10.772,10.772,-127.457,-127.457,117.645,0
67034,-0.001,-19.082,-19.082,90.195,90.195,-154.907,0
67068,-0.001,13.388,13.388,-47.066,-47.066,-113.731,0
67102,-0.308,-12.003,-12.003,62.744,62.744,-172.554,0
67136,-1.539,9.541,9.541,219.604,219.604,170.586,0
67170,-15.696,-15.696,-5.233,-66.673,-119.614,-119.614,0
67204,-2.463,2.462,2.462,66.666,66.666,133.331,0
67238,10.002,10.002,0.616,7.843,188.232,188.232,0
67272,-10.618,-10.618,15.080,192.154,-60.791,-60.791,0
67306,0.616,3.693,3.693,-174.515,-174.515,50.980,0
67340,-4.925,-4.925,-11.080,-141.182,33.333,33.333,0
67374,2.462,10.772,10.772,-184.319,-184.319,-103.928,0
67408,1.847,12.003,12.003,99.998,99.998,176.468,0
67442,1.231,1.231,-4.001,-50.987,68.626,68.626,0
67476,3.847,3.847,-1.693,-21.576,162.743,162.743,0
67510,-7.387,-7.387,-9.695,-123.535,137.253,137.253,0
67544,-1.539,7.232,7.232,-80.399,-80.399,-117.653,0
67578,-15.235,-15.235,-11.849,-150.986,-86.281,-86.281,0
67612,1.231,0.308,0.308,174.507,174.507,182.350,0
67646,-5.694,-5.694,-10.464,-133.339,-241.180,-241.180,0
67680,1.385,2.308,2.308,225.487,225.487,131.371,0
67714,0.462,0.462,14.003,178.429,233.330,233.330,0
67748,1.077,1.077,5.078,64.705,-1.968,-1.968,0
67782,3.078,3.078,-2.924,-37.262,-219.612,-219.612,0
67816,0.616,18.619,18.619,-107.849,-107.849,0.000,0
67850,-17.697,-17.697,15.542,198.036,235.291,235.291,0
67884,0.769,13.695,13.695,-54.909,-54.909,-7.851,0
67918,-9.387,-9.387,12.618,160.782,121.567,121.567,0
67952,0.616,-11.080,-11.080,129.410,129.410,113.724,0
67986,0.462,9.541,9.541,-5.890,-5.890,145.096,0
68020,-7.541,-7.541,-8.464,-107.849,21.568,21.568,0
68054,0.154,0.154,-2.924,-37.262,62.744,62.744,0
68088,12.464,12.464,-5.694,-72.556,182.350,182.350,0
68122,-0.154,8.310,8.310,-111.771,-111.771,82.352,0
68156,-18.005,-18.005,-9.233,-117.653,-7.851,-7.851,0
68190,-0.308,15.080,15.080,-133.339,-133.339,-109.810,0
68224,-0.462,18.773,18.773,147.057,147.057,13.725,0
68258,-13.850,-13.850,-4.309,-54.909,68.626,68.626,0
68292,-0.154,-9.387,-9.387,-176.476,-176.476,101.959,0
68326,-0.154,1.231,1.231,-245.102,-245.102,80.391,0
68360,15.234,15.234,14.619,186.272,-180.397,-180.397,0
68394,-0.001,16.927,16.927,-249.023,-249.023,178.429,0
68428,-0.001,-13.080,-13.080,-211.769,-211.769,188.232,0
68462,-0.001,-1.078,-1.078,-17.654,-17.654,78.430,0
68496,-11.080,-11.080,2.308,29.411,121.567,121.567,0
68530,0.000,11.079,11.079,-11.772,-11.772,243.134,0
68564,3.231,3.231,2.308,29.411,41.176,41.176,0
68598,-9.233,-9.233,11.387,145.096,-60.791,-60.791,0
68632,-0.462,-14.927,-14.927,-82.359,-82.359,113.724,0
68666,-0.924,1.385,1.385,94.116,94.116,5.882,0
68700,-11.080,-11.080,-0.616,-7.851,-196.083,-196.083,0

